title,published_utc
Berkshire Hathaway (BRK.B) Continues to Offload HP (HPQ) Shares,2023-09-26T09:49:00Z
Should Vanguard Russell 1000 Growth ETF (VONG) Be on Your Investing Radar?,2023-09-26T10:20:05Z
Should You Invest in the Fidelity MSCI Information Technology Index ETF (FTEC)?,2023-09-26T10:20:06Z
"Meta Connect will focus on AI and mixed reality, but does that include Apple?",2023-09-26T12:30:00Z
Netflix (NFLX) Strengthens APAC Footprint With New Initiatives,2023-09-26T12:58:00Z
"Apple's Asian Shift: China's Loss Could Be India's Billion-Dollar Gain And Cut Cupertino's Geopolitical Risk, Says Munster",2023-09-26T13:08:11Z
3 Warren Buffett Stocks Worth Owning Forever,2023-09-26T13:15:00Z
Gundlach says investors can sidestep carnage in stocks and earn 8% returns in bonds. Here's how.,2023-09-26T13:40:00Z
India: Apple Creating Opportunity For Investors In Up And Coming Manufacturing Powerhouse,2023-09-26T15:48:46Z
Here's what Apple's iPhone 15 says about the world,2023-09-26T17:20:00Z
"As Amazon Prime Video adds commercials, here’s how streaming services match up on pricing",2023-09-26T17:24:00Z
"Amazon sued by FTC, which alleges the company is ‘exploiting its monopoly power’",2023-09-26T18:41:00Z
"Most of S&P 500’s Gains Driven by 7 Firms, Others up Less Than 5% YTD",2023-09-26T19:32:00Z
Dow posts worst day since March with long-term Treasury yields at fresh highs ,2023-09-26T20:46:00Z
"Forget September Slump! S&P 500 Could Scale New Highs By Mid-2024, Predicts JPMorgan Strategist",2023-09-27T08:04:07Z
The 2024 Hyundai Kona review: The subcompact SUV has been totally redesigned—here’s what’s new,2023-09-27T09:01:00Z
"Warren Buffett Is Selling Shares of This High-Yield Dividend Stock and, Likely, Buying Shares of His Favorite Stock (No, Not Apple!)",2023-09-27T09:06:00Z
"The stock market can't catch a break. Good news is bad news, and now bad news is bad news, too.",2023-09-27T10:43:00Z
When will the stock-market pain end? Here are 3 clues that investors should watch out for.,2023-09-27T11:38:00Z
"Buffett And Munger: 'Pick Businesses, Not Stocks' - 2 High Yield Meltdown Buys",2023-09-27T12:05:00Z
Could a break-up of Amazon be good for the stock? Analysts weigh in after FTC lawsuit.,2023-09-27T12:16:00Z
"Technology stocks have entered correction territory, threatening to topple the 2023 U.S. market rally",2023-09-27T13:21:00Z
"Apple Defends Its $19B Google Search Deal, Hollywood's Writers Secure Credit For AI Training, China's Ambitious Chip Fund Faces Headwinds: Today's Top Stories",2023-09-27T13:47:47Z
Apple Delays Newest Processor Rollout -- Is Taiwan Semi Manufacturing in Deep Trouble?,2023-09-27T14:00:00Z
Can the iPhone 15 Help Reverse Apple's Sales Decline?,2023-09-27T14:07:00Z
Netflix (NFLX) Expands Gaming Portfolio With Four New Games,2023-09-27T14:31:00Z
"Meta unveils latest VR headset, as Zuckerberg calls it the 'first mainstream mixed-reality headset'",2023-09-27T18:16:00Z
Is ProShares S&P Technology Dividend Aristocrats ETF (TDV) a Strong ETF Right Now?,2023-09-27T20:17:09Z
Why Meta Platforms Stock Dropped and Then Recovered Today,2023-09-27T21:14:00Z
Apple (AAPL) Stock Sinks As Market Gains: What You Should Know,2023-09-27T21:45:20Z
"Wall Street's ""Magnificent Seven"" May Be a Mammoth Liability for the Stock Market",2023-09-28T09:21:00Z
Apple: A Big Bearish Rejection (Technical Analysis),2023-09-28T10:00:00Z
Is Apple Stock a Buy Now?,2023-09-28T10:10:00Z
"Got $1,000? 5 Buffett Stocks to Buy and Hold Forever",2023-09-28T12:00:00Z
Meta to Take VR Market by Storm With Quest 3: Can the Competition Keep Up?,2023-09-28T12:05:00Z
Roku Might Be Showing Signs of Growing Up. But Is It Enough to Buy the Stock?,2023-09-28T12:05:00Z
"Fear on Wall Street? Shake it off, advise these strategists.",2023-09-28T12:15:00Z
3 Dividend Stocks to Buy and Hold Until Retirement,2023-09-28T12:45:00Z
Block (SQ) Boosts Reach to Canada With Tap to Pay on Android,2023-09-28T14:16:00Z
Alphabet (GOOGL) Boosts Chromebook Features With ChromeOS 117,2023-09-28T15:24:00Z
"King Dollar Getting In The Way Of Momo Stock Gurus, China, And Russia",2023-09-28T15:25:27Z
Fortnite parent company Epic lays off 16% of staff,2023-09-28T16:17:00Z
"Stocks Rebound As Dollar, Treasury Yields Retreat; Bitcoin Targets Best September Session: What's Driving Markets Thursday?",2023-09-28T17:10:35Z
Is Steve Jobs really worthy of an opera about his life inside and out of Apple?,2023-09-28T18:08:00Z
How Verizon and AT&T Can Upend Cable TV,2023-09-28T22:45:00Z
Stock Market Seasonality Suggests Strong Q4: Alphabet Stock a Must-Have?,2023-09-29T07:32:00Z
The 2024 Land Rover Defender 110 finds a near-perfect balance between off-roader and luxury SUV,2023-09-29T09:02:00Z
83% of Warren Buffett's $347 Billion Portfolio Is Invested in Only 8 Stocks,2023-09-29T09:06:00Z
Can PayPal Stock Hit $70 by the End of 2023?,2023-09-29T09:21:00Z
"These 7 Dividend Stocks Pay $98 Billion Annually, Combined, to Their Shareholders",2023-09-29T09:21:00Z
"1 Green Flag for Apple in 2023, and 1 Red Flag",2023-09-29T10:02:00Z
Better Buy: Amazon vs Apple,2023-09-29T10:10:00Z
Is iShares Core S&P U.S. Growth ETF (IUSG) a Strong ETF Right Now?,2023-09-29T10:20:07Z
"Volatility, gold and stocks to avoid: Citi delivers its shutdown playbook",2023-09-29T10:42:00Z
Is Nio Stock About to Turn the Corner?,2023-09-29T12:35:00Z
PayPal Keeps Getting Cheaper; Should You Load Up?,2023-09-29T12:51:00Z
US-China Tech Race: Huawei's 5G New Chip Presents Challenge To Apple's Dominance,2023-09-29T13:01:58Z
U.S. trade deficit in goods shrinks 7.3% — and might give small lift to GDP,2023-09-29T13:12:00Z
Better Inflation Data From Europe And U.S. Bringing Buyers Into Oversold Stock Market,2023-09-29T14:25:22Z
The government shutdown lowdown,2023-09-29T15:07:00Z
Psst: Here's why Google's antitrust trial against the Department of Justice isn't being talked about much,2023-09-29T17:08:00Z
"US Stocks Set To Finish Week In The Red, Marking End Of Tough September: What's Driving Markets Friday?",2023-09-29T18:00:18Z
"Every Artificial Intelligence (AI) Stock Warren Buffett Owns, Ranked From Best to Worst",2023-09-30T09:50:00Z
Apple Has an iPhone Problem,2023-09-30T12:00:00Z
Semiconductor companies are in denial about potentially losing their biggest customers,2023-09-30T16:13:00Z
Nasdaq Sell-Off: My Top 3 Beaten-Down Growth Stocks to Buy Now,2023-10-01T09:36:00Z
A Trillion-Dollar Dividend Growth Stock to Buy and Hold Forever,2023-10-01T15:18:00Z
"New iPhones Feeling The Heat? Apple Blames Software And Apps, Assures Solutions",2023-10-01T16:13:43Z
Is It Safe to Invest Today? Here Are 2 Better Questions to Ask,2023-10-02T09:22:00Z
Is Invesco FTSE RAFI US 1000 ETF (PRF) a Strong ETF Right Now?,2023-10-02T10:20:03Z
46% of Warren Buffett's Portfolio Is Invested in This Stock. Does That Mean You Should Buy Now?,2023-10-02T11:15:00Z
"Magnificent Seven tech stocks haven't been this cheap in six years, Goldman Sachs strategists say",2023-10-02T12:11:00Z
Qualcomm (QCOM) Remains in Spotlight Throughout September,2023-10-02T12:15:00Z
"Apple Is a Magnificent Stock, But There Are 2 Big Reasons Investors Could Regret Buying It Right Now",2023-10-02T13:15:00Z
Wall Street Bulls Look Optimistic About Apple (AAPL): Should You Buy?,2023-10-02T13:30:05Z
Warner Bros. Discovery's (WBD) REAL TIME WITH BILL MAHER Returns,2023-10-02T14:15:00Z
"October Is The Most Volatile Month Of The Year – AI Frenzy To Be Tested, Fed Speak, Bitcoin Squeeze",2023-10-02T15:05:33Z
"Corporate bonds are on sale. How to add cheap Apple, Disney and Microsoft bonds to your portfolio.",2023-10-02T17:48:00Z
"Visa In the Digital Age: Regulatory Adaptations, Fintech Collaborations, and Staying Ahead of Digital Payment Rivals",2023-10-02T21:03:20Z
Market Is Set Up For A February 2020 Type Collapse,2023-10-02T22:06:43Z
Better Buy: Amazon vs. Apple,2023-10-03T09:05:00Z
"Thanks, Goldman, but I’d rather own these 1,000 stocks than the Magnificent Seven",2023-10-03T09:10:00Z
3 Things About Apple That Smart Investors Know,2023-10-03T09:57:00Z
The 'wild bunch' have taken control of the bond market. Here's where they could wreak havoc next.,2023-10-03T13:12:00Z
Netflix plans to increase price of ad-free service once the actors strike ends: WSJ,2023-10-03T14:28:00Z
"Pay Attention: Investors Making Three Classic Mistakes In The Stock Market And Getting Burned, Money Flows In Magnificent Seven",2023-10-03T14:59:42Z
The Magnificent Seven could be called the messy seven after a 'meh' third quarter,2023-10-03T15:28:00Z
Is The U.S. Stock Market As Bad As It Seems?,2023-10-03T16:34:43Z
Best Performing ETFs of Q3 2023,2023-10-03T16:36:00Z
Zero-Day Options ETFs: A New Way to Generate Income,2023-10-03T19:12:00Z
Buy These 3 Stocks for Fortress Balance Sheets,2023-10-03T19:42:00Z
"Treasury Sell-Off Sends Shockwaves: Magnificent 7 Grapples With Worst Day Since August, S&P 500's 200-Day Average Test Looms",2023-10-03T20:52:23Z
Apple (AAPL) Stock Moves -0.78%: What You Should Know,2023-10-03T21:45:18Z
Apple's Growth Engine Sputtering? Bullish Analyst Lists 4 Factors Behind Stock Downgrade,2023-10-04T08:18:27Z
"Zacks Investment Ideas feature highlights: Tesla, Alphabet, Apple and NVIDIA",2023-10-04T08:33:00Z
"The 2024 Mazda CX-90: pricing, specs and more for this all-new, 8-seater SUV",2023-10-04T09:03:00Z
1 Easily Overlooked Reason Apple Is the Most Attractive FAANG Stock,2023-10-04T10:51:00Z
Apple's stock falls after longtime bull says U.S. sales are likely to struggle,2023-10-04T10:53:00Z
One of the biggest problems plaguing the U.S. stock market is getting worse as selloff continues,2023-10-04T11:00:00Z
"As storm clouds gather over bond market, watch this level on the S&P 500",2023-10-04T11:02:00Z
Why Apple Shares Are Dipping Premarket Today,2023-10-04T11:51:34Z
2 Dow Stocks to Hold for a Decade or More,2023-10-04T12:26:53Z
Major Buying Opportunity In The Stock Market Ahead Only If This Market Mechanic Kicks To The Upside,2023-10-04T14:31:36Z
"Benzinga's Top Ratings Upgrades, Downgrades For October 4, 2023",2023-10-04T15:00:28Z
Here's the Latest Must-See News From These 2 Dow Jones Stocks,2023-10-04T15:30:00Z
Made by Google event: Google Pixel 8 vs the Apple iPhone 15,2023-10-04T16:27:00Z
How Google’s Pixel Watch 2 stacks up against the Apple Watch 9 and Samsung Galaxy Watch6,2023-10-04T16:31:00Z
"Stocks Rebound, Tech Shines As Bond Yields Relax, Oil Tumbles: What's Driving Markets Wednesday?",2023-10-04T17:52:01Z
Bought a gold Apple Watch? Imagine if you had spent that $17K on Apple stock instead.,2023-10-04T18:45:00Z
Using My Favorite Zacks Charts for Q3 Earnings Season,2023-10-04T18:55:00Z
Michael Jordan is now worth $3 billion. Here’s what billionaire athletes have in common.,2023-10-04T19:11:00Z
Is Apple Currently Near its Peak Valuation?,2023-10-04T19:31:00Z
Dow snaps three-day losing streak after softer-than-expected ADP jobs data,2023-10-04T20:35:00Z
Zero-Day Options ETFs: A New Way to Generate Income,2023-10-04T22:36:00Z
Jim Cramer Predicts Potential Stock Market Rally Triggered By Jobs Report: 'Certainly Have Plenty Of Tinder',2023-10-05T08:27:04Z
3 Top E-Commerce Stocks to Buy in October,2023-10-05T09:10:00Z
3 Things About Arm Holdings That Smart Investors Know,2023-10-05T09:40:00Z
Here's 1 Key Investing Metric Where Apple and Google Trounce the Other Stocks in the $1 Trillion Club,2023-10-05T09:48:00Z
Meta Quest 3 Is Coming: Is Meta Stock a Better Buy Than Apple?,2023-10-05T10:20:00Z
Where Will Apple Stock Be in 10 Years?,2023-10-05T10:45:00Z
8 S&P 500 Companies Exposed to China-US Tech War - And 1 Set to Benefit From It,2023-10-05T10:51:00Z
'One percenter depression' and giant sector rotation: How a hedge fund manager sees bond crisis playing out.,2023-10-05T12:40:00Z
Alphabet (GOOGL) to Boost Smartwatch Presence With Pixel Watch 2,2023-10-05T16:09:00Z
PayPal (PYPL) Strengthens Payment Solutions With Latest Move,2023-10-05T16:12:00Z
"Fund Flows: IVV Adds Over 7 Billion On The Week, SPY And QQQ Shrink - Large-Cap Winners And Losers",2023-10-05T17:32:10Z
"Fund Returns: Tech Stabilizes After Down Month, Utilities And Gold Mining Down - Large-Cap Winners And Losers",2023-10-05T17:32:36Z
"Chip stocks may struggle for outperformance, but here's where to find 'silver linings'",2023-10-05T18:30:00Z
3 Top U.S. Stocks to Watch in October,2023-10-06T09:02:00Z
Microsoft Invested in OpenAI. Amazon and Google Invested in Anthropic. But This Tech Giant Has Made More AI Deals Than Any of Them.,2023-10-06T09:50:00Z
Warren Buffett Holds These 3 Interest Rate Sensitive Stocks,2023-10-06T12:17:00Z
Spiking long yields are a danger for markets: here's what may happen next and 5 things investors should do,2023-10-06T12:37:00Z
Apple Inc. (AAPL) Is a Trending Stock: Facts to Know Before Betting on It,2023-10-06T13:00:10Z
"'Don't invest in the U.S.' says GMO's Jeremy Grantham, who sees a possible 50% stock pullback coming.",2023-10-06T13:09:00Z
"Regulatory Shadow Over Saudi Golf League LIV And PGA Tour Merger, Novo Nordisk's Weight Loss Drugs May Pose Serious Stomach Risks, Netflix's Local Content and Pricing Woes Undermine Growth in India: Today's Top Stories",2023-10-06T14:05:25Z
Blowout Jobs Report But Expect Momo Gurus To Try To Run Up The Market On Hourly Earnings,2023-10-06T14:45:46Z
Alphabet (GOOGL) Boosts Its Smartphone Offerings With Pixel 8,2023-10-06T16:25:00Z
Recession Alert! JPMorgan's Kolanovic Foresees 20% Market Downturn,2023-10-06T18:12:36Z
AI Advancements in Google's Pixel 8 Is A Catalyst for Apple's iPhone Innovations: Citi,2023-10-06T19:48:21Z
3 Top Gaming Stocks to Buy in October,2023-10-06T20:00:00Z
Mega-Caps Are Cheap And Google Is My Favorite,2023-10-07T05:26:38Z
51% of Warren Buffett's Berkshire Hathaway Portfolio Is Invested in This 1 AI Stock,2023-10-07T08:30:00Z
5 Top Buffett Stocks to Buy and Hold for the Long Haul,2023-10-07T12:00:00Z
Is It Too Late to Buy Apple Stock?,2023-10-07T15:30:00Z
'He’s such a Google psycho': Why iPhone and Android users have so many fights over their phone choices,2023-10-07T19:33:00Z
"Warren Buffett Has More Invested in This Than He Does in Bank of America, American Express, Coca-Cola, and Chevron Combined -- and It's Not Apple",2023-10-08T09:50:00Z
"These Stocks Turned $10,000 Into $13 Million (or More) and Are Not Done Rising Yet",2023-10-08T11:00:00Z
3 Stocks to Add to Your Portfolio in a Market Pullback,2023-10-08T11:20:00Z
"The Nasdaq Might Bottom in October, According to This Wall Street Veteran -- 2 Super Stocks to Buy Hand Over Fist",2023-10-08T12:30:00Z
1 FAANG Stock That's a No-Brainer Buy in October and 1 to Avoid Like the Plague,2023-10-09T09:06:00Z
Bull of the Day: NVIDIA (NVDA),2023-10-09T09:20:00Z
"Apple Is Blowing Away Amazon, Google, Microsoft, and Nvidia on This Key Metric",2023-10-09T09:51:00Z
Almost Half of Warren Buffett's $337 Billion Portfolio Is Invested in Only 1 Stock,2023-10-09T12:05:00Z
From $150 oil to no impact at all: What the surprise attack on Israel means to markets,2023-10-09T12:10:00Z
"Stock Market News for Oct 9, 2023",2023-10-09T13:29:00Z
Apple (AAPL) Expands Apple TV+ Portfolio With World War II Drama,2023-10-09T14:36:00Z
Alphabet (GOOGL) Boosts Virtual Assistant Capabilities With Bard,2023-10-09T15:17:00Z
SNAP Announces New Phantom House Experience for Halloween,2023-10-09T15:27:00Z
"‘We’re literally being stolen from, in plain sight’: Musicians are tired of venues taking their T-shirt money, and they’re fighting back.",2023-10-09T19:14:00Z
"Fund Returns: iShares Tech Plays Up, Oil Falls - Mid-Cap Winners And Losers",2023-10-09T21:40:18Z
Apple (AAPL) Rises Higher Than Market: Key Facts,2023-10-09T21:45:19Z
Ongoing Bull Market Shows Signs Of Being Among The Weakest On Record: Expert,2023-10-10T07:18:08Z
"The powerful 2024 Toyota Sequoia: a hybrid 3-row SUV that can tow 9,000 pounds",2023-10-10T09:01:00Z
Why Munster Thinks Google Antitrust Lawsuit Over Search Business Is 'Net-Neutral' To 'Positive' For Apple,2023-10-10T09:55:19Z
Should SPDR Portfolio S&P 500 ETF (SPLG) Be on Your Investing Radar?,2023-10-10T10:20:05Z
Is John Hancock Multifactor Large Cap ETF (JHML) a Strong ETF Right Now?,2023-10-10T10:20:06Z
Should Vanguard Mega Cap Growth ETF (MGK) Be on Your Investing Radar?,2023-10-10T10:20:06Z
Should You Invest in the iShares Expanded Tech Sector ETF (IGM)?,2023-10-10T10:20:07Z
Amazon Prime Day is back: What not to buy during the October sale,2023-10-10T11:30:00Z
Wall Street Breakfast: All-Out War,2023-10-10T11:30:36Z
Warren Buffett Just Sold $619 Million of This Stock in 3 Weeks. Here's Why.,2023-10-10T12:15:00Z
"Momentum traders set to buy the S&P 500 'in every scenario,' says Goldman Sachs",2023-10-10T14:03:00Z
3 Stocks That Can Help Build Generational Wealth for Patient Investors,2023-10-10T14:15:00Z
"Pay Attention To Wall Street Positioning Ahead Of Important Inflation Data, US General Warns Iran",2023-10-10T15:02:23Z
Will Apple (AAPL) Beat Estimates Again in Its Next Earnings Report?,2023-10-10T16:10:10Z
"Top AI Firm Is? Of 672 Firms, Top Tech Analyst Picks Favorite 2",2023-10-10T16:46:38Z
"House speaker shortlist shaping up, including ... Kevin McCarthy",2023-10-10T17:18:00Z
From Apple Executive To BBQ Maestro: Dan Defossey's Culinary Journey In Mexico City,2023-10-10T19:28:32Z
"Worries Mount For Apple Bulls As Stock Takes A Dive, Analysts Eager For Q4 Results",2023-10-11T07:56:49Z
Here are 10 of the best used 2-row SUVs for a $20K budget,2023-10-11T09:02:00Z
Is It Too Late to Buy Amazon Stock?,2023-10-11T09:05:00Z
"1 ""Magnificent Seven"" Stock to Buy Hand Over Fist in October and 1 to Avoid",2023-10-11T09:06:00Z
Better Growth Stock: Apple vs. AMD,2023-10-11T09:12:00Z
3 Dividend Stocks to Buy Before They Skyrocket,2023-10-11T09:30:00Z
"Apple's Hush-Hush Bonanza Search Engine Deal With Google Has Jumped $10B In Just 3 Years, According To This Analyst",2023-10-11T09:35:12Z
"Looking for a Safe, Low-Effort Investment? 1 ETF to Buy Right Now",2023-10-11T10:00:00Z
Could Visa Be the Next Company to Join the Trillion-Dollar Market Cap Club?,2023-10-11T10:15:00Z
Should iShares S&P 100 ETF (OEF) Be on Your Investing Radar?,2023-10-11T10:20:05Z
Is WisdomTree U.S. Total Dividend ETF (DTD) a Strong ETF Right Now?,2023-10-11T10:20:05Z
"Apple, Amazon And 2 Other Stocks Insiders Are Selling",2023-10-11T12:01:23Z
How to Find Strong Computer and Technology Stocks Slated for Positive Earnings Surprises,2023-10-11T12:50:06Z
Global PC Shipment Falls in Q3: Recovery Expected Soon,2023-10-11T13:03:00Z
Is Apple Priced to Perfection Based on Current P/E?,2023-10-11T13:07:00Z
"Steer clear of these stocks where the economy is in trouble, says Steve Eisman of 'Big Short' fame",2023-10-11T13:36:00Z
Stock Market Bulls Disappointed On Hotter Producer Inflation But Trusting Market Mechanics,2023-10-11T14:46:36Z
"Analyst Urges NFL To Buy ABC From Disney, Instead Of Watching 'Destruction' Of Linear TV",2023-10-11T15:32:53Z
"Emerging Market Shares Look ""Very Cheap"" While Tech Stocks Are Also A Buy, Says Citi Analyst",2023-10-11T15:40:08Z
"Apple's Teen Dominance Is Intact, Analyst Sees Potential for Record iPhone Ownership",2023-10-11T19:12:30Z
A Bull Market is Coming: 2 Warren Buffett Favorites to Buy Now,2023-10-12T09:00:00Z
"1 Green Flag for Apple in 2023, and 1 Red Flag",2023-10-12T10:02:00Z
2 Stocks to Invest in Virtual Reality,2023-10-12T10:55:00Z
"Investors are asking too much from the stock market, says this strategist.",2023-10-12T12:42:00Z
"Stock Market News for Oct 12, 2023",2023-10-12T13:29:00Z
Microsoft (MSFT) May Contest IRS Claim of $28.9B in Back Taxes,2023-10-12T15:14:00Z
Hotter Consumer Inflation Will Test Stock Market Bulls' Trust In Market Mechanics,2023-10-12T15:27:30Z
What's Going On With Amazon.Com Stock Thursday?,2023-10-12T16:52:36Z
"Amidst Global Conflict, Investors Flood ESG-Focused Fund - ETF Winners And Losers: Mid-Cap Flows",2023-10-12T20:57:30Z
Iran's Involvement In Israel-Hamas Conflict Is Key For The Future Of US Inflation,2023-10-12T21:46:00Z
S&P 500 Market Breadth Data Suggests Broader Sell-Off Remains in the Offing,2023-10-13T07:03:00Z
56% of Warren Buffett's $341 Billion Portfolio Is Invested in These 2 Stocks,2023-10-13T09:06:00Z
The 4 Most Commonly Held Stocks Among Retail Investors,2023-10-13T09:21:00Z
Apple CEO Tim Cook Just Sold $88 Million Worth of Stock. Has the Stock Peaked?,2023-10-13T09:35:00Z
2 Under-the-Radar Gaming Stocks You Can Buy and Hold for the Next Decade,2023-10-13T10:58:00Z
3 Artificial Intelligence (AI) Stocks With More Potential Than Any Cryptocurrency,2023-10-13T11:15:00Z
"Wait, Is the DOJ Lawsuit Actually Bullish For Alphabet?",2023-10-13T12:05:00Z
"Tech stocks like Amazon and CrowdStrike will rip higher this earnings season, says Wedbush's Ives. Here's why.",2023-10-13T12:22:00Z
Netflix (NFLX) Gears Up for Q3 Earnings: What's in the Cards?,2023-10-13T12:51:00Z
Arm Holdings Already Has 40% Upside,2023-10-13T12:54:00Z
Is Apple a Buy Now?,2023-10-13T14:00:00Z
Q3 Earnings Season Poses Next Big Test for S&P 500: Here's How to Prepare for It,2023-10-13T14:45:00Z
Apple (AAPL) Unveils Trailer of For All Mankind Season 4,2023-10-13T15:48:00Z
These 10 college athletes are making over $1 million a year from NIL,2023-10-14T00:26:00Z
This Top Dividend Stock Paid Warren Buffett $700 Million Last Year. Should You Buy It?,2023-10-14T10:50:00Z
Can Shiba Inu Reach $0.01?,2023-10-14T11:59:00Z
3 Reasons to Buy Apple Stock and Never Sell,2023-10-14T12:30:00Z
Where Will Apple Stock Be in 3 Years?,2023-10-14T13:45:00Z
Israeli exec who hired Palestinians in tech boom still hopes for peace while mourning slain daughter,2023-10-14T16:14:00Z
Scammers are preying on people who are in need of personal loans: How to spot them,2023-10-14T19:31:00Z
Next In Line: iPhone 16 Pro's Potential Features Revealed,2023-10-14T21:20:45Z
Rethinking The Apple Premium: A Financial Reality Check,2023-10-15T06:51:06Z
"Is Microsoft, At The Right Price, The Best AI Stock?",2023-10-15T07:36:09Z
3 Top Stocks to Buy for the Long Haul,2023-10-15T09:30:00Z
4 Timeless Lessons From Warren Buffett's Favorite Stock,2023-10-15T10:30:00Z
"Veteran Tech Analyst Dan Ives Says AI Tech Stocks Set to ""Rip Higher."" 7 Best-Quality Growth Stocks to Buy Now.",2023-10-15T10:50:00Z
2 Growth Stocks to Buy in October,2023-10-15T11:05:00Z
SoundHound AI Stock: Bull vs. Bear,2023-10-15T13:43:00Z
Charlie Munger Says AI Is Overhyped. But Berkshire Hathaway's $345 Billion Portfolio Is Packed With (at Least) 8 AI Stocks!,2023-10-15T19:13:00Z
My Dividend Growth Portfolio - Q3 2023 Summary,2023-10-16T05:21:15Z
"Streaming Giants Netflix, Disney to Lead Next Bullish Trend in the Stock Market?",2023-10-16T08:04:00Z
10 must-have safety features for teen drivers,2023-10-16T09:03:00Z
2 Trillion-Dollar Stocks Billionaires Are Selling and the 1 They're Surprisingly Buying Hand Over Fist,2023-10-16T09:21:00Z
3 Stocks I Want to Own for the Rest of My Life,2023-10-16T09:30:00Z
Should Vanguard Growth ETF (VUG) Be on Your Investing Radar?,2023-10-16T10:20:07Z
2 Vanguard ETFs That Could Make You a Millionaire With Next to No Effort,2023-10-16T10:30:00Z
A Bull Market Is Coming: 3 Low-Risk Stocks That Could Help You Safely Profit From the Next Stock Market Rally,2023-10-16T10:33:00Z
It's earnings season. Why Netflix and Nvidia have been crossed off this firm's list for quality stocks.,2023-10-16T10:53:00Z
Billionaire Ray Dalio Says '50% Chance Of World War' - How To Invest?,2023-10-16T12:00:53Z
Why Apple Stock Is Losing Flavor In Today's Premarket,2023-10-16T12:05:08Z
JPMorgan To Rally Over 29%? Here Are Top 10 Analyst Forecasts For Monday,2023-10-16T13:27:19Z
Here are the S&P 500 and Nasdaq 100 companies that had consistently high returns on equity for at least 10 years,2023-10-16T14:23:00Z
"Bitcoin's ETF Approval Rumor, Pfizer Slashes Annual Outlook, Activist Shareholder Shakes Up News Corp's Status Quo: Today's Top Stories",2023-10-16T14:35:10Z
Better Artificial Intelligence (AI) Stock: Apple vs. Microsoft,2023-10-16T15:30:00Z
Netflix earnings preview: Revenue growth expectations get ‘dialed back’ by some analysts,2023-10-16T15:48:00Z
"Stocks Advance, Dollar And Oil Retreat, While Bitcoin Skyrockets: What's Driving Markets Monday?",2023-10-16T18:28:38Z
What’s driving up prices for sporting events? Taylor Swift is one factor. So are inflation and pent-up demand.,2023-10-16T19:03:00Z
"ESG-Focused Fund SUSA Continues To Grow, Topping The Chart Two Weeks In A Row, Risky Bonds Fall - ETF Winners And Losers: Mid-Cap Flows",2023-10-16T21:12:59Z
Apple (AAPL) Stock Sinks As Market Gains: What You Should Know,2023-10-16T21:45:19Z
"The ""Magnificent Seven"" Have Made the S&P 500 More Concentrated Than Ever. Historically, That's Bad News for Stocks.",2023-10-17T09:06:00Z
Should Vanguard Mega Cap ETF (MGC) Be on Your Investing Radar?,2023-10-17T10:20:05Z
Should iShares Russell Top 200 Growth ETF (IWY) Be on Your Investing Radar?,2023-10-17T10:20:06Z
Should Vanguard S&P 500 Growth ETF (VOOG) Be on Your Investing Radar?,2023-10-17T10:20:07Z
Should iShares Core S&P 500 ETF (IVV) Be on Your Investing Radar?,2023-10-17T10:20:07Z
2 Unstoppable Warren Buffett Stocks That Can Turn Sitting Cash into Growing Wealth,2023-10-17T14:00:00Z
Iran Warning Stops The Market Rally Buy Historic Biden Visit To Israel Is A Positive For The Market,2023-10-17T14:42:31Z
"Invest in millennials and these once-in-a-lifetime-opportunity stocks, says this fund manager",2023-10-17T15:01:00Z
Netflix (NFLX) Expands Cloud Gaming Beta Test to US Users,2023-10-17T15:32:00Z
Magnificent 7 Earnings Charts Ranked,2023-10-17T16:11:00Z
"AI stole the show this year, but earnings will drag Wall Street back to reality",2023-10-17T21:54:00Z
Looking for Growth? These 2 Stocks are No-Brainer Buys Before a New Bull Market,2023-10-18T09:00:00Z
3 Stocks Set to Deliver Explosive Profit Growth This Earnings Season,2023-10-18T09:46:00Z
53.7% of Warren Buffett's $344 Billion Berkshire Hathaway Portfolio Is Invested in These 2 Dividend Stocks,2023-10-18T09:56:00Z
1 Magnificent Warren Buffett Stock to Buy Hand Over Fist Right Now,2023-10-18T10:17:00Z
Should SPDR S&P 500 ETF (SPY) Be on Your Investing Radar?,2023-10-18T10:20:05Z
Is FlexShares Quality Dividend ETF (QDF) a Strong ETF Right Now?,2023-10-18T10:20:06Z
Should Vanguard S&P 500 ETF (VOO) Be on Your Investing Radar?,2023-10-18T10:20:06Z
Is American Century U.S. Quality Value ETF (VALQ) a Strong ETF Right Now?,2023-10-18T10:20:06Z
3 Things the Smartest Investors Know About Berkshire Hathaway,2023-10-18T11:10:00Z
Apple Inc. (AAPL) is Attracting Investor Attention: Here is What You Should Know,2023-10-18T13:00:10Z
"'The high for equities is not in,' says technical strategist who unpacks the stocks to buy now.",2023-10-18T13:44:00Z
7 stocks are holding up the U.S. market. Here is why they may soon fall back to Earth.,2023-10-18T14:04:00Z
Apple bonds are yielding more than 5%. The stock has a 0.5% dividend yield.,2023-10-18T14:40:00Z
What's Going On With Nvidia Stock Wednesday?,2023-10-18T15:03:25Z
"MacBook Sales Slump - Apple Faces 30% Decline Amid Post-Pandemic Demand Drop, Analyst Says",2023-10-18T15:07:23Z
Money Rushing Into Safe Havens As Wall Street's Callous Calculation Blows Up,2023-10-18T17:09:12Z
The Q3 Earnings Season Kicks Off Positively,2023-10-18T22:08:00Z
The Q3 Earnings Season Kicks Off Positively,2023-10-18T22:11:00Z
"How to maximize your streaming dollar in October 2023, and why Netflix is all you really need",2023-10-19T00:42:00Z
"Netflix's stock jumps more than 10% on huge spike in subscribers, price hikes",2023-10-19T00:43:00Z
"Lam Research earnings top Street view, but outlook virtually in line with consensus",2023-10-19T00:47:00Z
Dell: Potential For Double-Digit Returns,2023-10-19T04:59:44Z
"Zacks Earnings Trends Highlights: Microsoft, Apple, Alphabet, Nvidia and Tesla",2023-10-19T09:00:00Z
2 Green Flags for Apple's Future,2023-10-19T09:01:00Z
Apple's $20 Billion Cash Cow Is Under Threat From the Department of Justice,2023-10-19T09:40:00Z
Is Apple Stock a Buy Ahead of Earnings?,2023-10-19T10:05:00Z
Is Franklin U.S. Equity Index ETF (USPX) a Strong ETF Right Now?,2023-10-19T10:20:05Z
Should SoFi Select 500 ETF (SFY) Be on Your Investing Radar?,2023-10-19T10:20:05Z
Should Fidelity Nasdaq Composite Index ETF (ONEQ) Be on Your Investing Radar?,2023-10-19T10:20:06Z
These 2 Magnificent Warren Buffett Stocks Might Just Be the Best Businesses in the World,2023-10-19T10:30:00Z
2 Tech Stocks You Can Buy and Hold for the Next Decade,2023-10-19T10:58:00Z
"Apple Stock: Buy, Sell, or Hold?",2023-10-19T11:30:00Z
"1 Reason to Buy This ""Magnificent Seven"" Stock, and 1 Reason to Avoid It Like the Plague",2023-10-19T13:09:00Z
"Stanley Druckenmiller said central banks, not earnings, move markets. Today is the day to pay attention.",2023-10-19T13:34:00Z
3 Things You Need to Know If You Buy Berkshire Hathaway Today,2023-10-19T13:49:00Z
"Tesla Hurt By Interest Rates, Buying Opportunity In Semiconductors, Important Powell Speech Ahead",2023-10-19T15:29:06Z
"Netflix (NFLX) Q3 Earnings Beat, Revenues Rise Y/Y on User Gain",2023-10-19T15:52:00Z
Meta Platforms (META) to Report Q3 Earnings: What to Expect,2023-10-19T15:58:00Z
Proshares' Short QQQ Play Tops The List This Week - ETF Winners And Losers: Leveraged Flows,2023-10-19T20:50:26Z
The 2024 Hyundai Tucson: The boldly-styled compact SUV is practical and roomy,2023-10-20T09:02:00Z
"Warren Buffett Could Have Bought Any of 60 Nasdaq 100 Companies With $71 Billion. Instead, He Piled It All Into 1 Stock.",2023-10-20T09:06:00Z
Warren Buffett's Billion-Dollar Dividend Duo: Apple and Coca-Cola Account For Over $1.6 Billion A Year In Income For Berkshire Hathaway,2023-10-20T09:55:12Z
FAAMG Earnings to Take Center Stage Next Week Amid a Suddenly Choppy Market,2023-10-20T10:10:00Z
Should WisdomTree U.S. Total Dividend ETF (DTD) Be on Your Investing Radar?,2023-10-20T10:20:05Z
Should Fidelity Quality Factor ETF (FQAL) Be on Your Investing Radar?,2023-10-20T10:20:06Z
"Earnings Preview of ""Magnificent Seven"": ETFs in Focus",2023-10-20T12:00:00Z
Jon Stewart's Apple TV+ show is reportedly getting the axe,2023-10-20T12:03:00Z
This fund manager had a rough quarter but is sticking with 'stupid cheap' stocks,2023-10-20T12:05:00Z
Is Netflix Stock a Buy Post-Earnings Surge?,2023-10-20T12:51:00Z
"""Magnificent Seven"" Earnings Underway: ETFs in Spotlight",2023-10-20T14:05:00Z
"AT&T's Optimistic Wireless and Broadband Trends Show Growth, Analyst Upgrades Stock",2023-10-20T15:36:19Z
Take A Clue From Powell And Biden – Prepare Now To Prosper In The New Era,2023-10-20T15:36:33Z
Apple’s stock drops toward longest losing streak in almost 21 months,2023-10-20T16:23:00Z
Netflix price increase: Here’s how much the major streaming services are set to cost,2023-10-20T18:08:00Z
"Top Stock Reports for Apple, Amgen & Becton, Dickinson",2023-10-20T18:41:00Z
Is Tesla starting to look like just any old carmaker?,2023-10-21T03:00:00Z
This Stock-Split Stock Is Beating Both Apple and Microsoft in 2023 -- With No Artificial Intelligence (AI) Tailwind at All,2023-10-21T09:50:00Z
Nearly $212 Billion of Warren Buffett's Portfolio Is Invested in These 3 Super-Reliable Dividend Stocks,2023-10-21T09:52:00Z
Microsoft’s acquisition of Activision makes Big Tech even bigger — and harder to rein in,2023-10-21T12:57:00Z
Is It Time to Bet on Small Caps? Analysts Share Insights On The Valuation Gap Versus Large Caps,2023-10-21T13:29:24Z
Citizens Financial grows coast-to-coast reach with private-banking unit,2023-10-21T13:44:00Z
"3 Stocks That Turned $1,000 Into $1.1 Million (or More)",2023-10-21T14:00:00Z
Israel-Hamas war threatens tech sector growth and innovation,2023-10-21T16:20:00Z
Is Elon Musk the Reason Warren Buffett Sold GM Stock?,2023-10-22T09:17:00Z
Where Will TSMC Stock Be in 1 Year?,2023-10-22T15:50:00Z
The 1 Stock Warren Buffett Is Virtually Guaranteed to Be Buying Right Now,2023-10-23T09:06:00Z
Is Vanguard Dividend Appreciation ETF (VIG) a Strong ETF Right Now?,2023-10-23T10:20:04Z
Is iShares ESG Aware MSCI USA ETF (ESGU) a Strong ETF Right Now?,2023-10-23T10:20:05Z
Is FlexShares Quality Dividend Defensive ETF (QDEF) a Strong ETF Right Now?,2023-10-23T10:20:06Z
"The Zacks Analyst Blog Highlights Apple, Amgen, Becton, Dickinson, UnitedHealth and Verisk",2023-10-23T10:32:00Z
Guide to the Magnificent Seven Stocks & ETFs Investing,2023-10-23T13:00:00Z
"Company News for Oct 23, 2023",2023-10-23T13:28:00Z
Garmin (GRMN) Bolsters Smartwatch Offerings With ECG App,2023-10-23T13:30:00Z
1 Extraordinary ETF Every Growth Investor Should Consider,2023-10-23T13:30:00Z
S&P 500 Breaches 200-Day Average As Treasury Yields Hit 5%: Analyst Says The Primary Trend Is 'Down',2023-10-23T15:13:12Z
"Gold Bulls Excited, 10-Year Yield And Earnings In Focus",2023-10-23T15:19:41Z
Guide to the Magnificent Seven Stocks & ETFs Investing,2023-10-23T17:00:00Z
"Apple faces ‘ominous’ setup heading into earnings, analyst warns",2023-10-23T17:52:00Z
The stock market may be ignoring this 'bad news' as earnings get under way,2023-10-23T18:32:00Z
"Big Q3 Earnings Headed Our Way: MSFT, GOOGL & More",2023-10-23T21:44:00Z
Why the Market Dipped But Apple (AAPL) Gained Today,2023-10-23T21:45:19Z
Cash-Rich Apple Still Needs Billions To Catch Up In Generative AI Race Against Meta Or Microsoft: Analyst Ming-Chi Kuo Reveals Why,2023-10-24T05:49:17Z
"The Zacks Analyst Blog Highlights Meta Platforms, Apple, Amazon, Alphabet and Microsoft",2023-10-24T06:16:00Z
"The 2024 Volvo XC60 review: Elegant and modern, smooth as silk on the highway",2023-10-24T09:03:00Z
Looking for Tech Stocks? These 3 Are Great Buys.,2023-10-24T09:03:00Z
Nvidia Just Teamed Up With Foxconn to Take On Tesla,2023-10-24T10:00:00Z
2 Beaten-Down Stocks That Haven't Been This Cheap in Over 6 Years,2023-10-24T10:15:00Z
Should WisdomTree U.S. LargeCap ETF (EPS) Be on Your Investing Radar?,2023-10-24T10:20:05Z
Is Fidelity Value Factor ETF (FVAL) a Strong ETF Right Now?,2023-10-24T10:20:06Z
"Why Coke, others, may be spared, as a $100 billion opportunity in weight loss drugs unfolds says JPMorgan",2023-10-24T11:37:00Z
Verizon: Armageddon Hath Fallen,2023-10-24T12:55:38Z
Comcast's (CMCSA) Xumo and Mediacom Team Up for Stream Box,2023-10-24T13:10:00Z
Will Higher Ad Revenues Aid Meta Platforms (META) Q3 Earnings?,2023-10-24T14:39:00Z
"Global Markets Rebound Ahead of Key Reports, But Fundamentals Still Look Iffy",2023-10-24T17:12:00Z
GM’s Cruise driverless taxis suspended from San Francisco streets,2023-10-24T18:39:00Z
5 Leading Stocks Poised to Trounce Q3 Earnings Expectations,2023-10-25T08:51:00Z
47.6% of Warren Buffett's $335 Billion Portfolio Is Invested in 2 Artificial Intelligence (AI) Stocks,2023-10-25T09:45:00Z
Almost Half of Warren Buffett's $333 Billion Portfolio Is Invested in Only 1 Stock,2023-10-25T10:20:00Z
Should Invesco S&P 500 Top 50 ETF (XLG) Be on Your Investing Radar?,2023-10-25T10:20:06Z
Is SPDR MSCI USA StrategicFactors ETF (QUS) a Strong ETF Right Now?,2023-10-25T10:20:06Z
Should Invesco FTSE RAFI US 1000 ETF (PRF) Be on Your Investing Radar?,2023-10-25T10:20:06Z
Unavoidable Correction Looms as Stocks-Real Yields Divergence Widens,2023-10-25T10:21:00Z
"The Zacks Analyst Blog Highlights Meta, Apple, Pinterest and Model N",2023-10-25T10:24:00Z
Stocks to own ahead of a rally that this $15 billion fund house says is coming soon,2023-10-25T12:07:00Z
2 Stocks That Could Sabotage Your Portfolio,2023-10-25T12:15:00Z
"Q3 Earnings Mixed, Big Results Expected After-Hours",2023-10-25T14:42:00Z
Market Awaits After-Hours Earnings Results,2023-10-25T15:04:00Z
"Among the S&P 500, these 20 companies have made the best use of investors’ money",2023-10-25T16:11:00Z
Apple is raising the price of its Apple TV+ streaming service by over 40%,2023-10-25T19:15:00Z
Morgan Stanley Says  'Spotify The Business' Has Joined 'Spotify The Product' In Delivering For Shareholders,2023-10-25T19:32:12Z
"Why Broadcom, Qualcomm, and Advanced Micro Devices Plunged Today",2023-10-25T20:39:46Z
Google's stock sheds market cap the size of Nike in one of Wall Street's five worst drops ever,2023-10-25T20:58:00Z
The Earnings Picture Continues to Improve,2023-10-25T23:00:00Z
The Earnings Picture Continues to Improve,2023-10-25T23:03:00Z
Apple Makes Up Almost 50% of Warren Buffett's Portfolio: Is the Stock a Buy?,2023-10-26T08:45:00Z
The 2024 Nissan GT-R review: An old-school sports car that delivers high-performance thrills,2023-10-26T09:02:00Z
"2 FAANG Stocks With Up to 79% Upside, According to a Pair of Wall Street Analysts",2023-10-26T09:21:00Z
1 Magnificent Stock Down 53% to Buy Hand Over Fist,2023-10-26T09:40:00Z
3 No-Brainer Stocks I'd Buy Right Now Without Hesitation,2023-10-26T09:57:00Z
Should Invesco QQQ (QQQ) Be on Your Investing Radar?,2023-10-26T10:20:05Z
Should SPDR Portfolio S&P 500 Growth ETF (SPYG) Be on Your Investing Radar?,2023-10-26T10:20:06Z
Is WisdomTree U.S. Quality Dividend Growth ETF (DGRW) a Strong ETF Right Now?,2023-10-26T10:20:06Z
Should iShares Russell 1000 Growth ETF (IWF) Be on Your Investing Radar?,2023-10-26T10:20:07Z
1 Simple Reason Warren Buffett Prefers to Buy Apple Rather Than Tesla Stock,2023-10-26T11:05:00Z
"The New CPU King? Outperforming Intel, Advanced Micro Devices, and Apple CPUs?",2023-10-26T11:07:12Z
Large-Cap Stocks Continue to Lead US Equity Factors in 2023,2023-10-26T11:40:00Z
Intel's Turnaround Was Just Dealt a Devastating Blow,2023-10-26T11:42:45Z
These two commentators who have been warning of a market crash say it's now here,2023-10-26T13:33:00Z
"Sizzling Q3 GDP Defies Recession Forecasts, But Interest Rate Hike Warnings Are Dragging US Stock Performance",2023-10-26T15:32:28Z
Nine stocks in the Nasdaq-100 have dropped 15% or more during October,2023-10-26T21:15:00Z
74% of Warren Buffett's $335 Billion Portfolio Is Invested in Just 5 Stocks,2023-10-27T09:06:00Z
S&P 500: Market Sentiment Sinks Along With Stock Prices - A Contrarian Indicator?,2023-10-27T09:19:00Z
"Got $1,000? Buy These Hot Growth Stocks Before They Take Off",2023-10-27T10:02:00Z
Should Fidelity Value Factor ETF (FVAL) Be on Your Investing Radar?,2023-10-27T10:20:06Z
Should Vanguard Large-Cap ETF (VV) Be on Your Investing Radar?,2023-10-27T10:20:07Z
"Got $1,000? 5 Buffett Stocks to Buy and Hold Forever",2023-10-27T10:30:00Z
3 Things the Smartest Investors Know About Invesco QQQ Trust,2023-10-27T11:50:00Z
High-yielding stocks have been the worst bet this year. Here's one way to improve that.,2023-10-27T12:36:00Z
"Stock Market News for Oct 27, 2023",2023-10-27T13:33:00Z
"Amazon To Make 'Tens Of Billions' From AI, Consumer Binge Continues, US Attacks Targets In Syria",2023-10-27T15:58:09Z
"The Motley Fool's Bill Mann on the ""On The Market"" Podcast",2023-10-27T16:55:00Z
The Government's Case Against Google and How AI May Be Affecting Hiring,2023-10-27T17:10:00Z
Here’s how private equity affects you,2023-10-27T17:19:00Z
Big Banks and Big Rates,2023-10-27T17:28:00Z
"As the 2023 NBA season begins, here are the 10 highest-paid players",2023-10-27T17:45:00Z
"US Stocks Waver, Tech Outperforms As September Inflation Data Solidifies Interest Rate Hold; Oil Giants Fall: What's Driving Markets Friday?",2023-10-27T18:09:07Z
Masimo Might See Potential Royalty Windfall From ITC's Exclusion Order On Apple Watch: Analyst,2023-10-27T18:44:25Z
"Bears Roam Wall Street As Middle East Conflict, Earnings Outlook Raise Concerns Despite Strong Q3 US Economic Growth: This Week In Markets",2023-10-27T20:33:57Z
Master the Art of Fundamental Analysis With InvestingPro: Earnings Growth,2023-10-27T20:40:00Z
Q3 Earnings: Tech Sector in Focus,2023-10-27T21:55:00Z
Investment Chief Proposes Adding Warren Buffett's Berkshire Hathaway To 'Magnificent Seven',2023-10-28T03:16:25Z
Is Affirm Holdings Stock a Buy?,2023-10-28T09:15:00Z
Verizon's Stock Is Now Too Good to Pass Up,2023-10-28T11:15:00Z
Can Apple Stock Double in 5 Years? Here's What It Would Take.,2023-10-28T12:38:00Z
Sell the S&P 500. Buy this instead.,2023-10-28T14:48:00Z
Is it better to buy bonds or bond funds? It depends how hard you are willing to work.,2023-10-28T15:56:00Z
"Qualcomm's newest laptop chips hit Intel, AMD and Apple with a powerful punch",2023-10-28T17:56:00Z
'Magnificent Seven' stocks have shed more than $1.2 trillion in value since the market's July peak,2023-10-28T18:05:00Z
Why Apple could be the big winner in its rocky partnership with Goldman Sachs,2023-10-28T18:17:00Z
"How To Build A Dividend Portfolio With $50,000 Among 20 Dividend Paying Companies/ETFs",2023-10-28T19:00:00Z
Meta Platforms - Maintaining Buy: Outpacing Peer Group In Ad Revenue,2023-10-29T04:46:03Z
Arm-Based PCs Aren't All Bad News for Intel,2023-10-29T11:20:00Z
"1 Stock to Buy, 1 Stock to Sell This Week: McDonald’s, AMD",2023-10-29T11:43:00Z
"If You Had Invested $10,000 in Apple When the iPhone Came Out, This Is How Much You Would Have Today",2023-10-29T12:30:00Z
3 No-Brainer Vanguard ETFs to Buy Now,2023-10-29T12:45:00Z
"Big Tech earnings have been strong, but Apple is about to answer the thousand-dollar question",2023-10-29T13:31:00Z
"Apple, AMD, Palantir Earnings On Deck This Week As Market Seeks Positive Catalysts In Fed Decision Week",2023-10-30T07:40:15Z
"This ""Magnificent Seven"" Stock Is, Surprisingly, the Cheapest of the Bunch",2023-10-30T09:21:00Z
Apple Stock Might Not Be Ripe For Plucking As Analyst Predicts Revenue Drop To Continue Into Holiday Quarter,2023-10-30T09:44:24Z
Nearly 70% of Warren Buffett's $326 Billion Portfolio Is Invested in These 9 Megacap Stocks,2023-10-30T09:50:00Z
Is Berkshire Hathaway Still a Great Long-Term Investment?,2023-10-30T10:11:00Z
Is iShares Paris-Aligned Climate MSCI USA ETF (PABU) a Strong ETF Right Now?,2023-10-30T10:20:06Z
Should TCW Transform 500 ETF (VOTE) Be on Your Investing Radar?,2023-10-30T10:20:06Z
2 Vanguard ETFs I'm Buying and Holding Forever,2023-10-30T10:30:00Z
"Asia Markets Mixed, Europe Looking Up, Crude Slides Below $85 While Gold Over 2K - Global Markets Today While Us Was Sleeping",2023-10-30T10:58:42Z
"Why now is an attractive entry point for long-term investors, says JPMorgan strategist.",2023-10-30T11:41:00Z
"Amazon, Microsoft, Alphabet, Apple and Nvidia are part of Zacks Earnings Preview",2023-10-30T12:03:00Z
Apple event: What to expect from Monday evening's Mac launch,2023-10-30T12:39:00Z
"Busy Week for Earnings, Fed, Reports; MCD, ON Beat in Q3",2023-10-30T14:35:00Z
Pre-Markets in Green to Start a Crucial Week of Events,2023-10-30T15:06:00Z
5 Inverse Tech ETFs That Rose on Nasdaq Entry Into Correction,2023-10-30T15:20:00Z
These 3 Stocks Might Be Getting a Little Too Expensive,2023-10-30T16:35:00Z
"Apple, Intel, AMD, Qualcomm, and NVIDIA: Is the CPU Market Overcrowded or Just Heating Up?",2023-10-30T17:06:36Z
"Wall Street Surges As Traders Await End Of Fed Tightening, Crucial Earnings Reports: What's Driving Markets Monday?",2023-10-30T17:09:14Z
How China's economic woes could carry a high cost for Western businesses,2023-10-30T17:42:00Z
A Deep Dive into 2023's Surprising Trends (8 Extreme Charts),2023-10-30T18:59:00Z
"Momentum Monday: Technical Breakdowns, Earnings, FOMC and More",2023-10-30T19:19:00Z
Dow Jones surges more than 500 points as stocks snap 3-day losing streak,2023-10-30T19:50:00Z
Apple Q4 Preview: Should Investors Take a Bite?,2023-10-30T19:51:00Z
"Some Chinese Abandoning Apple, Stock Buying On No Response From Iran, All Eyes On Bank Of Japan",2023-10-30T21:30:02Z
Is Apple a Buy Ahead of Earnings?,2023-10-31T06:19:00Z
Should Invesco Dividend Achievers ETF (PFM) Be on Your Investing Radar?,2023-10-31T10:20:05Z
Should iShares Russell 1000 ETF (IWB) Be on Your Investing Radar?,2023-10-31T10:20:06Z
"The Zacks Analyst Blog Highlights Apple, McKesson, Emerson Electric and Bae Systems",2023-10-31T11:08:00Z
Is Microsoft About to Overtake Apple as the World's Most Valuable Company?,2023-10-31T11:15:00Z
PayPal Earnings Preview: Can New CEO's Plans Breathe Life Into the Falling Stock?,2023-10-31T11:57:00Z
Can Q4 Earnings Give a New Lease of Life to Apple ETFs?,2023-10-31T15:05:00Z
Peter Lynch Says This Is Where The Bargains Are Right Now,2023-10-31T16:00:55Z
"Treasury Announcement More Important Than Fed's, Japan Abandons Yield Control, Tesla Under $200",2023-10-31T16:01:23Z
"Earnings Coming in Better-Than-Expected, but Stocks Still Getting Punished",2023-10-31T16:15:00Z
Why a 7% 10-year Treasury yield is still possible,2023-10-31T16:56:00Z
Apple (AAPL) to Report Q4 Earnings: What's in the Offing?,2023-10-31T17:09:00Z
Dow records first 3-month losing streak since March 2020 as investors await Wednesday Fed decision,2023-10-31T19:45:00Z
International equities are beating U.S. stocks in ‘rare’ outperformance. Should you lighten up on non-U.S. equities?,2023-10-31T20:08:00Z
"Apple Unveils M3 Chips, Analysts Expect It To Propel MacBook and iMac Performance and User Transition from Intel",2023-10-31T20:08:46Z
Time to Buy Apple (AAPL) or Qualcomm's (QCOM) Stock as Earnings Approach?,2023-10-31T22:47:00Z
Ad Revenue Trends,2023-11-01T07:43:00Z
Is Apple Stock a Buy?,2023-11-01T09:10:00Z
Warren Buffett Watch: Why the Oracle of Omaha Would Love This Top Restaurant Stock,2023-11-01T09:55:00Z
Is FlexShares Morningstar U.S. Market Factor Tilt ETF (TILT) a Strong ETF Right Now?,2023-11-01T10:20:05Z
Should Goldman Sachs MarketBeta U.S. 1000 Equity ETF (GUSA) Be on Your Investing Radar?,2023-11-01T10:20:06Z
This fund manager was right that recession fears were overhyped. Now he's betting on strip malls and these other megatrends.,2023-11-01T10:33:00Z
Better Buy: Apple vs. Coca-Cola,2023-11-01T10:40:00Z
"After a 540% Rise, Why Does Warren Buffett Still Own Apple Stock?",2023-11-01T11:15:00Z
"Jim Cramer Prefers Caution Despite Impressive Returns From 'The Enormous Eight' Led By Nvidia, Meta: 'Each One Set Up Like Bowling Pins'",2023-11-01T12:12:59Z
Why Warren Buffett Loves Dividend Stocks,2023-11-01T12:18:00Z
Spotify Electrifies on Its Metrics. Time to Buy?,2023-11-01T12:49:00Z
This one stock could potentially undo the 2023 rebound if it falls another 10% as one analyst expects,2023-11-01T13:20:00Z
Unveiling Apple (AAPL) Q4 Outlook: Wall Street Estimates for Key Metrics,2023-11-01T13:54:00Z
"There's a historic sale in mutual funds, thanks to stock-market turmoil ",2023-11-01T15:40:00Z
Apple's (AAPL) Q4 Earnings to Suffer from Weak Mac & iPad Sales,2023-11-01T16:35:00Z
Apple Q4 Earnings Preview: All Eyes On iPhone 15,2023-11-01T17:01:26Z
Apple Earnings: Why Guidance Will Be Key,2023-11-01T17:59:19Z
"Apple's New Global Play: iPhone 17 Production To Start In India, Not China, Says Top Analyst",2023-11-02T06:12:58Z
"Apple Earnings Preview: Quality Still High, but Stock Hinges on Q1 2024 Guidance",2023-11-02T07:05:00Z
"Apple Earnings: iPhone, Services Sales and China in Focus Ahead of Key Report",2023-11-02T08:37:00Z
Apple's Loaded Product Lineup Headed Into the Holidays Is Good News for Investors,2023-11-02T09:06:00Z
"You Might Be Shocked to Learn Where the S&P 500 Would Be in 2023 Without the ""Magnificent Seven"" Stocks",2023-11-02T09:59:00Z
Is SoFi Select 500 ETF (SFY) a Strong ETF Right Now?,2023-11-02T10:20:06Z
Is Schwab Fundamental U.S. Large Company Index ETF (FNDX) a Strong ETF Right Now?,2023-11-02T10:20:06Z
Should Schwab 1000 Index ETF (SCHK) Be on Your Investing Radar?,2023-11-02T10:20:07Z
3 Stocks to Hold for the Next 20 Years,2023-11-02T12:00:00Z
"Stock Market News for Nov 02, 2023",2023-11-02T12:27:00Z
Will Volatile Consumer Spoil Apple's Party? Q4 Earnings Preview,2023-11-02T13:54:04Z
Apple Gears Up For Q4 Print; These Most Accurate Analysts Revise Forecasts Ahead Of Earnings Call,2023-11-02T14:16:40Z
"Apple Earnings And Jobs Report Ahead, Market Mechanics Taking Over",2023-11-02T15:35:33Z
"Green Wave Boosts Stocks, Bonds As Traders Embrace Fed's Stance, Await Apple Earnings: What's Driving Markets Thursday?",2023-11-02T17:58:01Z
Trading Strategies For Apple Stock Heading Into Q4 Earnings,2023-11-02T19:02:10Z
Qorvo's Strategic Wins with Apple and China's Android Stability - Still Analysts Lower Price Targets After Q2,2023-11-02T20:00:03Z
"Apple Delivers Q4 Beat, But Key iPhone Revenue Comes In Shy Of Estimates",2023-11-02T20:52:55Z
Markets Up Big Again; Apple (AAPL) Beats Modestly,2023-11-02T22:06:00Z
Apple Earnings Highlight Double-Digit Earnings Growth,2023-11-03T00:05:00Z
Apple's Q4 Guidance: Gene Munster Says Wall Street Is 'Over-Reacting',2023-11-03T06:35:52Z
S&P 500 Shatters Past Another Key Resistance: Still a Rebound or Trend Reversal?,2023-11-03T07:26:00Z
"Got $5,000? 3 Tech Stocks to Buy and Hold for the Long Term",2023-11-03T09:57:00Z
1 Magnificent Vanguard ETF to Buy Hand Over Fist in 2024,2023-11-03T10:30:00Z
Why Apple Shares Are Sliding Over 2% Premarket Today,2023-11-03T12:04:28Z
Why DigitalOcean Shares Are Trading Higher By Around 20%; Here Are 20 Stocks Moving Premarket,2023-11-03T12:41:43Z
"Apple Q4 Earnings Beat, Outlook Upsets: ETFs in Focus",2023-11-03T14:00:00Z
How To Earn $500 A Month From Apple Stock After Upbeat Q4 Results,2023-11-03T14:08:19Z
"Apple, S&P Global And This Aerospace Giant On CNBC's 'Final Trades'",2023-11-03T14:18:05Z
Apple: Cautious Guidance Is an Ominous Sign for Stock Market,2023-11-03T14:22:00Z
"7 Apple Analysts Size Up Q4 Earnings: iPhone Strength, China Fears Overblown, Buy On The Dip Like Buffett",2023-11-03T16:32:54Z
"Apple's (AAPL) Q4 Earnings Beat Estimates, Revenues Fall Y/Y",2023-11-03T17:02:00Z
Crude Oil Falls 2%; Apple Posts Upbeat Earnings,2023-11-03T18:55:35Z
"Fed Holds Rates Steady, Powell's Cautious Stance Soothes Investors, Labor Market Softens: The Week In The Markets",2023-11-03T20:03:39Z
"Q3 Results Reflect Positivity, But Outlook Uncertain",2023-11-03T20:24:00Z
What's the Best FAANG Stock Right Now? There's a Clear Winner Based on 1 Key Metric,2023-11-04T09:50:00Z
Wall Street Breakfast: What Moved Markets,2023-11-04T12:04:50Z
Who is having the most influence over your money in 2023? Meet the MarketWatch 50.,2023-11-04T14:27:00Z
Why today's 'Magnificent Seven' stocks have mediocre long-term prospects at best,2023-11-04T15:06:00Z
Charlie Munger Shares Key Investment Advice Amid Turbulent Economy,2023-11-04T15:52:12Z
Apple's new Mac laptops aren't good enough to keep buyers from switching to PCs,2023-11-04T16:09:00Z
"Ron Baron says Tesla’s valuation can hit $4 trillion, but ‘SpaceX has a chance to be even bigger’",2023-11-04T16:14:00Z
The Taylor Swift stock-market effect? We are convinced.,2023-11-04T16:17:00Z
"The 'Barbenheimer' buzz may be over, but consumer enthusiasm for movies is still strong, says Cinemark CEO",2023-11-04T16:20:00Z
Epic Games is the latest to take on Google in court over antitrust charges,2023-11-04T16:48:00Z
"Here are 5 reasons why U.S. stocks will likely rally into the end of 2023, says one Wall Street veteran",2023-11-04T17:35:00Z
"Forget U.S. stocks for now. Invest here instead, says Bridgewater's co–investment chief",2023-11-04T18:16:00Z
"Here's what is really driving tech stocks — and it's not AI, says Deutsche Bank",2023-11-04T18:43:00Z
How to Combine the Power of Fundamental With Technical Analysis to Pick Winners,2023-11-05T08:30:00Z
Wall Street Is Hating on Apple Right Now. Here Are 5 Reasons I'm Not.,2023-11-05T10:53:00Z
Investor Fear Eases Following Jobs Data; Dow Jumps Over 200 Points,2023-11-06T07:14:53Z
"Apple, Amazon, Alphabet, Microsoft and Nvidia are part of Zacks Earnings Preview",2023-11-06T09:11:00Z
1 FAANG Stock That's a No-Brainer Buy in November and 1 to Avoid Like the Plague,2023-11-06T10:21:00Z
Berkshire Hathaway Reports Increased Liquidity: Buffett Gearing Up for Dip Buying?,2023-11-06T10:40:00Z
"Here's the Artificial Intelligence (AI) Stock Most Likely to Beat Tesla in Joining Apple, Microsoft, Alphabet, Amazon, and Nvidia in the $1 Trillion Club",2023-11-06T10:50:00Z
Should John Hancock Multifactor Large Cap ETF (JHML) Be on Your Investing Radar?,2023-11-06T11:20:05Z
Is Fidelity Quality Factor ETF (FQAL) a Strong ETF Right Now?,2023-11-06T11:20:06Z
Is ALPS (OUSA) a Strong ETF Right Now?,2023-11-06T11:20:07Z
Charlie Munger Says Investors Have To Buy These Stocks 'To Get Ahead',2023-11-06T12:46:00Z
Best Leveraged ETFs of Wall Street's Best Week of 2023,2023-11-06T13:40:00Z
"Rally will fizzle out in a week or two, Morgan Stanley strategist Wilson says",2023-11-06T13:42:00Z
3 Reasons I'm Not Too Worried About Apple's So-So Guidance,2023-11-06T13:51:24Z
Is Trending Stock Apple Inc. (AAPL) a Buy Now?,2023-11-06T14:00:11Z
2 Reasons Apple Stock Is a Buy Today,2023-11-06T14:07:00Z
"Company News for Nov 6, 2023",2023-11-06T14:39:00Z
"Buffett Holding Record Cash, Vicious Short Squeeze Responsible For Large Stock Gains",2023-11-06T15:03:23Z
Wall Street veteran sees 'once in a generation buying opportunity' in unloved areas of global stock market,2023-11-06T17:18:00Z
"Stocks Fight To Extend Winning Streak, Treasury Yields Rise: What's Driving Markets Monday?",2023-11-06T18:35:09Z
The Better-Than-Expected Earnings Plus Cautious Commentary Trend Continues,2023-11-06T18:51:00Z
"NVIDIA, Meta & 2023's Best-Performing ETFs",2023-11-06T21:22:00Z
4 Things You Can Learn from Warren Buffett's Investing Philosophy,2023-11-07T10:41:00Z
Warren Buffett's Best 5 Artificial Intelligence (AI) Stocks,2023-11-07T10:48:00Z
Apple CEO Tim Cook's 6 Words That Could Point to a Higher-Growth Future for the Tech Giant,2023-11-07T10:51:00Z
Should Franklin U.S. Large Cap Multifactor Index ETF (FLQL) Be on Your Investing Radar?,2023-11-07T11:20:06Z
Should Investors Buy Apple Stock on the Dip?,2023-11-07T11:30:00Z
Warren Buffett's Best-Performing Stock of 2023 Is a Screaming Buy,2023-11-07T12:00:00Z
Solar Energy Stocks: Everything You Need to Know Today,2023-11-07T12:45:00Z
A wall of debt rolling over: Here’s what’s scaring Bridgewater’s co-CIO,2023-11-07T14:36:00Z
Earnings-season winners: 20 companies that have grown sales while improving profit margins,2023-11-07T15:02:00Z
"Stock Market Pauses After Bond Short Squeeze Triggered Epic Rally, Apple Recovers",2023-11-07T15:23:45Z
3 Top Gaming Stocks to Buy in November,2023-11-07T16:30:00Z
"CFPB wants to treat Apple Pay, Google Pay and other tech-payment products like banks",2023-11-07T17:00:00Z
"Uber is showing impressive maturity, but it may be growing up too fast",2023-11-07T18:32:00Z
Apple’s stock reconnects with a bullish friend,2023-11-07T20:00:00Z
Why Warren Buffett has done more to educate investors than any other executive,2023-11-07T20:33:00Z
Apple Could Offer A Very Decent Near-Term Upside,2023-11-08T08:28:48Z
"The S&P 500 Is Rallying. Here's Where to Invest $5,000 Right Now.",2023-11-08T10:00:00Z
Warren Buffett's Latest $1.1 Billion Buy Brings His Total Investment in This Stock to More Than $72 Billion in 5 Years,2023-11-08T10:06:00Z
3 Top E-Commerce Stocks to Buy in November,2023-11-08T10:50:00Z
1 Exceptional Warren Buffett ETF to Buy Hand Over Fist in 2024,2023-11-08T11:00:00Z
Is WisdomTree U.S. LargeCap ETF (EPS) a Strong ETF Right Now?,2023-11-08T11:20:06Z
Should Strive 500 ETF (STRV) Be on Your Investing Radar?,2023-11-08T11:20:06Z
Apple's Annual Buybacks Hit a 3-Year Low. Should Investors Be Concerned?,2023-11-08T11:32:00Z
2 Stocks to Invest in Virtual Reality,2023-11-08T12:01:00Z
"1 Semiconductor Stock Set to Join Apple, Amazon, Microsoft, Alphabet, and NVIDIA in the $1 Trillion Club",2023-11-08T12:50:00Z
Just turned 50? Here’s where Howard Marks suggests investing for the next 10 years.,2023-11-08T13:01:00Z
Nearly Half of Warren Buffett's $6.1 Billion in Annual Dividends Comes From These 3 Stocks,2023-11-08T14:00:00Z
Goldman Sachs advises employees on plan to divest GM credit card,2023-11-08T14:18:00Z
3 Top Tech Stocks to Buy in November,2023-11-08T14:30:00Z
"Stock Market News for Nov 8, 2023",2023-11-08T14:31:00Z
Why Apple's Services Business Is Such a Big Catalyst for the Stock,2023-11-08T16:30:00Z
AMD and Intel Respond to CPU Competitors Qualcomm and Apple,2023-11-08T16:30:40Z
Why Investors Are Pouring Billions Into Covered-Call ETFs,2023-11-08T20:43:00Z
Nobody on Wall Street wants to bet against the ‘Magnificent Seven’,2023-11-08T21:28:00Z
"Disney shares rise on huge increase in streaming users, improved earnings",2023-11-09T01:36:00Z
The Crash Higher Is Coming,2023-11-09T03:09:03Z
3 Things Warren Buffett's Top 5 Stocks All Have in Common,2023-11-09T11:10:00Z
Is iShares U.S. Equity Factor ETF (LRGF) a Strong ETF Right Now?,2023-11-09T11:20:06Z
Should iShares Russell Top 200 ETF (IWL) Be on Your Investing Radar?,2023-11-09T11:20:07Z
3 Dividend Stocks That Can Help Secure Your Financial Future,2023-11-09T11:30:00Z
2 Under-the-Radar Tech Stocks To Buy in 2023,2023-11-09T11:50:00Z
Walt Disney Stock Gains as Iger Delivers on Cost Management Promise,2023-11-09T12:59:00Z
"Apple Sales Are in Decline, but 1 Other Stock Is Taking It on the Chin",2023-11-09T14:17:00Z
Hedge-fund founder talks flying taxis and stocks to own in a market facing a struggle,2023-11-09T14:44:00Z
Good News For Investors – American Might Temporarily Wins Against Iran Without Firing A Shot,2023-11-09T15:28:00Z
5 Tech ETFs That Outperformed XLK in the Past Week,2023-11-09T16:10:00Z
Is Apple's Magic Fading?,2023-11-09T16:34:00Z
What Tepid Outlook? Buy Apple ETFs for These 5 Factors,2023-11-09T18:00:00Z
Billionaire 'Bond King' Says Sell These Charlie Munger Must-Buy Stocks: Our Approach,2023-11-09T19:59:36Z
"Heightened rate volatility points to these opportunities in stocks, bonds for ETF investors, says State Street’s Michael Arone",2023-11-09T22:05:00Z
Optimize Your Portfolio Review,2023-11-10T07:21:00Z
"Zacks Market Edge Highlights: AAPL, SONY and IBM",2023-11-10T09:16:00Z
"The 2024 Honda CR-V Hybrid: The king of the suburban road still excels—plus, fewer trips to the gas station",2023-11-10T10:02:00Z
Nearly Half of Warren Buffett's More Than $6 Billion in Annual Dividend Income Comes From Just 3 Stocks,2023-11-10T10:06:00Z
The S&P 500 Just Had Its Best Week of 2023. 2 Artificial Intelligence (AI) Stocks to Buy Before the Stock Market Rallies Further.,2023-11-10T10:18:00Z
Stocks may struggle until Thanksgiving as bond yields bounce. And one sector in particular is a turkey.,2023-11-10T11:34:00Z
Prediction: Microsoft Will Overtake Apple as the World's Largest Company By 2025,2023-11-10T12:00:00Z
1 Growth Stock Down 7% to Buy Right Now,2023-11-10T12:15:00Z
Here's how Eli Lilly might bring a game-changing Alzheimer's drug to market,2023-11-10T17:21:00Z
Wall Street Mechanics Bring In Stock Buyers After Sell-Off On Poor Treasury Auction,2023-11-10T19:02:58Z
Can You Buy Penny Stocks In An IRA? The Answer May Surprise You,2023-11-10T20:17:20Z
Buy These 2 Growth Stocks on the Dip,2023-11-10T21:00:00Z
"Elon Musk biopic in development at A24. Director is 'one of the best,' Musk says.",2023-11-10T21:19:00Z
Tech Giants Lead Market Surge As Dow Blue Chips Stall; Microsoft Hits New Highs While Bitcoin Rallies: The Week In The Markets,2023-11-10T21:23:26Z
Firing on All Cylinders Indeed,2023-11-11T12:00:00Z
Apple Stock: Bull vs. Bear,2023-11-11T12:45:00Z
Veterans Day warning: Scams targeting veterans are rising — here's how to avoid them,2023-11-11T13:46:00Z
Stock Buybacks: The Good and the Bad,2023-11-11T15:38:00Z
These tech stocks scored this earnings season even as AI hype slowed -- and the winner may surprise you,2023-11-11T16:52:00Z
Mega Caps to Face Challenges Despite Strong Q3 Earnings Season Performance,2023-11-13T05:36:00Z
3 Great Reasons to Invest in an S&P 500 ETF -- and 1 Reason to Avoid It,2023-11-13T11:00:00Z
Should Vanguard Russell 1000 ETF (VONE) Be on Your Investing Radar?,2023-11-13T11:20:06Z
Is iShares MSCI ACWI Low Carbon Target ETF (CRBN) a Strong ETF Right Now?,2023-11-13T11:20:06Z
Should Schwab U.S. Large-Cap ETF (SCHX) Be on Your Investing Radar?,2023-11-13T11:20:07Z
Should Invesco NASDAQ 100 ETF (QQQM) Be on Your Investing Radar?,2023-11-13T11:20:08Z
2 Top Warren Buffett Stocks to Buy Hand Over Fist Right Now,2023-11-13T11:45:00Z
"Stock Market News for Nov 13, 2023",2023-11-13T12:56:00Z
Morgan Stanley has boosted its S&P 500 target — but here’s where it sees the real opportunities,2023-11-13T13:32:00Z
What's in Store for Disney (DIS) After Promising Earnings?,2023-11-13T13:37:00Z
"Top Stock Reports for Apple, Broadcom & Adobe",2023-11-13T16:14:00Z
Berkshire Hathaway: Time To Be Greedy,2023-11-13T17:00:00Z
Hedge funds are betting that stocks will fall and indexes will rise at the same time. What’s going on?,2023-11-13T18:26:00Z
Apple's Taiwanese Suppliers Are Outperforming Seasonal Sales - Does It Hint at Resilient Demand? This Analyst Answers,2023-11-13T18:51:18Z
PCs and cars are the future for this giant but little-known chip-designer,2023-11-13T22:51:00Z
Tracking Ken Fisher's Fisher Asset Management Portfolio - Q3 2023 Update,2023-11-14T06:43:47Z
Here’s what could be different about Black Friday this year,2023-11-14T10:00:00Z
"The 2024 Toyota Grand Highlander Hybrid: A no-brainer, fuel sipping hybrid with extra space",2023-11-14T10:02:00Z
"The S&P 500 Is More Concentrated Than Ever, and That's Historically Bad News for Wall Street",2023-11-14T10:06:00Z
The 1 Best Reason to Sell Apple Stock Now May Be a Surprise,2023-11-14T10:32:00Z
Should Goldman Sachs ActiveBeta U.S. Large Cap Equity ETF (GSLC) Be on Your Investing Radar?,2023-11-14T11:20:05Z
Should ALPS (OUSA) Be on Your Investing Radar?,2023-11-14T11:20:06Z
This Warren Buffett Favorite Just Did Something It Hasn't Done All Year. Is It a Screaming Buy?,2023-11-14T11:45:00Z
Pilgrim's Pride and Malibu Boats have been highlighted as Zacks Bull and Bear of the Day,2023-11-14T11:59:00Z
"The Zacks Analyst Blog Highlights Apple, Broadcom, Adobe, NextEra Energy and Enbridge",2023-11-14T12:48:00Z
"Here’s the most crowded trade on Wall Street, according to Bank of America",2023-11-14T13:43:00Z
5 Stocks You Can Confidently Invest $500 In Right Now,2023-11-14T14:31:31Z
49% of Warren Buffett's $318 Billion Portfolio Is Now Invested in 1 Surprising Stock,2023-11-14T14:37:00Z
Deploy Cash And Reduce Hedges – Inflation Below Expectations,2023-11-14T16:41:08Z
51.4% of Warren Buffett's $348 Billion Berkshire Hathaway Portfolio Is Invested in These 2 Artificial Intelligence (AI) Stocks,2023-11-14T17:17:11Z
Technology stocks hit record high as Nasdaq looks to exit correction territory,2023-11-14T18:08:00Z
"Despite Apple Pay's Impact, PayPal's Growth Prospects Remain Strong: Analyst",2023-11-14T19:38:24Z
Why a derailed $11 trillion corporate bond market looks ripe for a comeback as U.S. inflation slows,2023-11-14T21:17:00Z
The Magnificent Seven add more than $200 billion to their market caps,2023-11-14T21:45:00Z
Tepper’s Appaloosa dumps Apple stake and loads up on Amazon’s stock,2023-11-14T22:02:00Z
These 3 Mega-Cap Tech Companies Are Cash-Generating Machines,2023-11-14T22:48:00Z
"Soros snaps up tech stocks in Q3, but dumps some of the biggest names",2023-11-14T22:49:00Z
Forget Apple: These 2 Stocks Are Better Buys for a Bull Market,2023-11-15T10:00:00Z
The Embarrassingly Easy Way Warren Buffett Is Raking in Over $12 Billion Annually for Berkshire Hathaway,2023-11-15T10:06:00Z
3 Tech Stocks to Buy as Fed Pivot Odds Soar on Peak Inflation Bets,2023-11-15T11:14:00Z
Should You Invest in the Technology Select Sector SPDR ETF (XLK)?,2023-11-15T11:20:06Z
"Got $1,000? 3 Warren Buffett Stocks to Buy Hand Over Fist",2023-11-15T11:45:00Z
2 Hot Stocks to Buy and Hold Until You Retire,2023-11-15T12:15:00Z
"Got $1,000? Here Are 4 Artificial Intelligence Stocks to Buy Hand Over Fist, to Help You Retire a Millionaire.",2023-11-15T12:50:00Z
How much thematic exposure do stock-market investors have? Here’s what BlackRock found.,2023-11-15T13:01:00Z
"Apple, PepsiCo And 2 Other Stocks Insiders Are Selling",2023-11-15T13:02:50Z
A Massive Market Reversal Is Likely Coming,2023-11-15T13:05:00Z
"4 Ways to Grow $100,000 Into $1 Million for Retirement Savings",2023-11-15T13:05:00Z
Better Buy: Amazon vs. Apple,2023-11-15T15:00:00Z
"Hedge-fund manager Harris Kupperman who called last year’s tech crash bets on Florida, oil drillers and this commodity",2023-11-15T15:20:00Z
Wholesale Inflation Lower Than Expected But Retail Sales Data Creates A Rethink In The Stock Market,2023-11-15T15:37:34Z
"Stocks Inch Higher On Soft PPI, 'Magnificent 7' Retest 2021 Record Highs: What's Driving Markets Wednesday?",2023-11-15T17:34:42Z
The Underperformance Of Dividend-Only-Focused Strategies,2023-11-16T06:32:42Z
Should BNY Mellon US Large Cap Core Equity ETF (BKLC) Be on Your Investing Radar?,2023-11-16T11:20:05Z
Is WisdomTree U.S. LargeCap Dividend ETF (DLN) a Strong ETF Right Now?,2023-11-16T11:20:05Z
Should SPDR MSCI USA StrategicFactors ETF (QUS) Be on Your Investing Radar?,2023-11-16T11:20:06Z
This banking giant has been saying cash is king. Now it advises a switch to stocks.,2023-11-16T15:51:00Z
3 Industry Titans Benefitting from Mega Trends,2023-11-16T19:23:00Z
Goldman Sachs' 2024 Equity Outlook: Winning Stocks And Sectors To Watch,2023-11-16T20:51:16Z
"Top Research Reports for BHP Group, HSBC & Qualcomm",2023-11-16T21:48:00Z
IBM pulls ads from X after Elon Musk's incendiary comments over white pride,2023-11-17T02:01:00Z
"Up 34% in 2023, Is It Safe to Invest in the Nasdaq Right Now?",2023-11-17T10:00:00Z
Warren Buffett Has Bought Shares of This Stock for 21 Consecutive Quarters -- and It's Not Apple,2023-11-17T10:06:00Z
"Zacks Investment Ideas feature highlights: Lululemon, Apple, Tesla, Novo Nordisk and DraftKings",2023-11-17T11:02:00Z
Should Motley Fool 100 Index ETF (TMFC) Be on Your Investing Radar?,2023-11-17T11:20:06Z
"Bad news is good news for stocks right now — but not for long, says this strategist",2023-11-17T11:35:00Z
"13F Rundown: Tepper, Buffett, Druckenmiller",2023-11-17T13:00:00Z
2 Soaring Stocks I'd Buy Now With No Hesitation,2023-11-17T13:15:00Z
Here is What to Know Beyond Why Apple Inc. (AAPL) is a Trending Stock,2023-11-17T14:00:10Z
Could Apple Stock Make You Rich?,2023-11-17T15:15:00Z
What’s going on in the oil market?,2023-11-17T15:54:00Z
Apple is latest tech giant to pull advertising on X: report,2023-11-17T20:48:00Z
"The Fed didn’t drive U.S. stock market rally so far this year, but AI did",2023-11-17T21:05:00Z
Is Invesco QQQ Trust a Buy?,2023-11-17T22:03:00Z
IPO Stock Watch: 3 Things I Need to See Before I Buy Arm Stock,2023-11-17T22:20:00Z
"Elon Musk promoting antisemitic post was ‘abhorrent,’ White House says",2023-11-18T00:41:00Z
"Warren Buffett's Record Cash Pile A Warning Of Brewing Market Trouble? 'It Means Be Cautious,' Says Analyst",2023-11-18T01:50:28Z
The Best Warren Buffett Stocks to Buy With $300 Right Now,2023-11-18T10:30:00Z
Is Apple Stock a Buy Now?,2023-11-18T12:00:00Z
3 Reasons to Buy Apple and 1 Reason to Sell,2023-11-18T12:15:00Z
Wall Street Breakfast: What Moved Markets,2023-11-18T12:52:07Z
"This Magnificent Artificial Intelligence (AI) Stock Is About to Step on the Gas, and It Is Cheap Right Now",2023-11-18T13:45:00Z
2 Top Tech Stocks Ready for a Bull Run,2023-11-18T14:13:00Z
Elon Musk's X apocalyptic moment,2023-11-18T15:33:00Z
Where Will Apple Stock Be in 3 Years?,2023-11-18T16:00:00Z
Apple: Beijing Sends A Message,2023-11-18T17:00:00Z
'Magnificent Seven' stocks enjoyed a blistering 2023. Here's what it would take for that rally to spill over into 2024.,2023-11-18T18:07:00Z
"How Microsoft's new chip for AI could disrupt big tech -- especially Nvidia, AMD and Intel",2023-11-18T19:50:00Z
Elon Musk Claps Back At Advertisers For Pulling Ads Over Endorsement Of Antisemitic Post: 'Greatest Oppressors Of Free Speech',2023-11-18T19:50:21Z
The Grinch may steal holiday cheer from these consumer tech companies,2023-11-18T21:12:00Z
$248 Billion of Warren Buffett's Portfolio Is Invested in 7 Stocks That Check Off This 1 Important Box,2023-11-19T10:50:00Z
Apple's Secretly a Digital Advertising Giant Bringing in Tens of Billions in Revenue,2023-11-19T11:55:00Z
"A Bull Market Is Coming: 2 ""Magnificent Seven"" Stocks to Buy Hand Over Fist Before They Rally 58% and 122%, According to Select Wall Street Analysts",2023-11-19T12:30:00Z
"3 Top AI Stocks to Buy Beyond the ""Magnificent Seven""",2023-11-19T16:11:00Z
Stocks Week Ahead: Nvidia Earnings Pose Crucial Test for Year-End Rally Hopes,2023-11-20T07:53:00Z
"2 Beaten-Down Growth Stocks That Could Rocket 42% to 67% Higher, According to Wall Street",2023-11-20T10:36:00Z
Elon Musk says he isn’t antisemitic as advertisers flee his social-media network,2023-11-20T10:54:00Z
Should iShares S&P 500 Growth ETF (IVW) Be on Your Investing Radar?,2023-11-20T11:20:07Z
2 Artificial Intelligence (AI) Stocks That Could Be Millionaire Makers,2023-11-20T11:45:00Z
Billionaires Bullish on Big Tech: ETFs in Focus,2023-11-20T13:40:00Z
What's different about this stock-market rally after 63 post-correction advances,2023-11-20T13:57:00Z
Get Prepared For Another Week With Markets With Mando!,2023-11-20T14:39:23Z
"Apple, IBM, Disney and more: Here are all the companies who have pulled advertising on X",2023-11-20T21:54:00Z
No Holiday Cheer For Apple? Analyst Details These 2 Factors That Can Pressure Cupertino's Hardware Revenue In Q1,2023-11-21T06:59:45Z
"These ten stocks, not just from tech, are the key to next year’s S&P 500 earnings growth",2023-11-21T09:16:00Z
2 Growth Stocks to Buy Before the Big Bull Rally,2023-11-21T10:00:00Z
The 2024 Chevrolet Silverado EV vs. the Ford F-150 Lightning: How these two electric trucks compare,2023-11-21T10:01:00Z
Billionaire Ray Dalio Is Navigating U.S. 'Inflection Point' With These Stocks,2023-11-21T11:15:00Z
"Ignore Amazon, These 2 Stocks Will Be Long-Term Winners",2023-11-21T12:00:00Z
Hedge funds plow cash into top tech stocks leading to record levels of crowding,2023-11-21T12:38:00Z
Elon Musk's X sues Media Matters for defamation,2023-11-21T13:13:00Z
"A dip-buying year awaits investors in 2024 as S&P 500 finds ‘true bottom,’ says this Wall Street bank",2023-11-21T13:58:00Z
Hedge funds crowded into bullish bets on the 'Magnificent Seven' at a record pace in 2023,2023-11-21T19:51:00Z
Nvidia ends an earnings recession and is helping to reshape corporate profits,2023-11-21T23:33:00Z
How To Hedge Your Big Tech Gains With PSQ,2023-11-22T05:03:00Z
Jim Cramer Agrees With Bank Of America's Prediction For S&P 500 To Hit 5K By 2024: 'But Other Than Sentiment Being Way Too Negative...',2023-11-22T08:10:46Z
Apple's Services Growth Flywheel Continues To Strengthen,2023-11-22T09:25:16Z
Toyota is making this new SUV with the Crown name: When can you get one?,2023-11-22T10:01:00Z
3 Biotech Stocks That Could Be Millionaire Makers,2023-11-22T10:30:00Z
Should You Invest in the iShares U.S. Technology ETF (IYW)?,2023-11-22T11:20:05Z
Is Schwab Fundamental U.S. Broad Market Index ETF (FNDB) a Strong ETF Right Now?,2023-11-22T11:20:05Z
Should Schwab U.S. Large-Cap Growth ETF (SCHG) Be on Your Investing Radar?,2023-11-22T11:20:05Z
Should You Invest in the Vanguard Information Technology ETF (VGT)?,2023-11-22T11:20:06Z
Should You Invest in the Invesco Dorsey Wright Technology Momentum ETF (PTF)?,2023-11-22T11:20:07Z
3 Incredible Warren Buffett Dividend Stocks to Buy and Hold for the Next Bull Market,2023-11-22T12:37:00Z
Top 5 Stocks the Smart Money Is Buying,2023-11-22T14:56:00Z
"‘Too many skunks at the party.’ Bank of America strategist charts S&P 500’s path to 5,000",2023-11-22T15:04:00Z
Amazon Selling Cars Too? What You Need to Know,2023-11-22T16:01:45Z
Short Seller Hedge Funds Rack Up $43B Loss In Recent Market Rally,2023-11-22T17:15:12Z
Alphabet (GOOGL) Enhances Google Maps With New Color Palette,2023-11-22T17:23:00Z
"Wall Street On AI: Less Talk, More Action — Tech Titans' Strategies Unveiled",2023-11-22T19:30:19Z
5 Leading Stocks to Be Extremely Thankful for This Thanksgiving,2023-11-23T08:05:00Z
3 Things About Apple That Smart Investors Know,2023-11-23T11:05:00Z
Is Franklin U.S. Large Cap Multifactor Index ETF (FLQL) a Strong ETF Right Now?,2023-11-23T11:20:07Z
Apple's iPhone Exports From India Skyrocket To A Whopping $5B,2023-11-23T12:02:22Z
"This Black Friday, watch out for restocking fees on returns at Best Buy and other stores",2023-11-23T13:22:00Z
"Forget 3M, Buy This Hot Growth Stock Instead",2023-11-23T14:03:00Z
"Apple's (AAPL) iPhone 15 Hit in South Korea, Lags in China",2023-11-23T14:41:00Z
Key AI Debates For 2024: Nvidia Competitors Threaten Semiconductor Giant's Dominance With Custom Chips,2023-11-23T17:53:11Z
"How To Build A Dividend Portfolio Allocating $100,000 Among November's Top 20 Dividend Companies",2023-11-23T23:00:00Z
"The 2024 Mini Hardtop review: Still charming, fun and in a category all its own",2023-11-24T10:01:00Z
71% of Warren Buffett's $357 Billion Portfolio Is Invested in Just 4 Stocks,2023-11-24T10:06:00Z
56% of Warren Buffett’s Portfolio Is Invested in Just 2 Stocks,2023-11-24T10:11:00Z
Warren Buffett-Led Berkshire Hathaway Sells Its Entire UPS Stake. Should You?,2023-11-24T10:38:00Z
Apple Sends Cybersecurity Team To India Amid State-Sponsored Hacking Allegations,2023-11-24T11:00:26Z
A Major Market Surprise Is Likely Coming,2023-11-24T12:00:00Z
Netflix (NFLX) Drops Trailer for Gyeongseong Creature K-Drama,2023-11-24T12:43:00Z
"Buy stocks ahead of 2024 rate cuts, says strategist, as prospects wane once the cutting begins",2023-11-24T13:50:00Z
Apple Stock: Headed to $240?,2023-11-24T14:05:00Z
Apple (AAPL) Expands Streaming Content for Holiday Season,2023-11-24T14:28:00Z
"Apple's iPhone 15 still sees strong demand, especially in China, analyst says
",2023-11-24T14:52:00Z
4 ETFs to Shop This Black Friday,2023-11-24T15:00:00Z
2 Top Warren Buffett Stocks to Buy Right Now,2023-11-24T15:00:00Z
Apple's iPhone 15 Thrives Despite Huawei Competition: Analyst Predicts Continued Success Into 2024,2023-11-24T16:56:11Z
4 ETFs to Implement Buffett's Investing Philosophy,2023-11-24T18:42:00Z
Microsoft May Dethrone Apple as the Most Valuable Stock Soon,2023-11-24T19:03:00Z
20 Black Friday Deals: How Much Buying Power Do Shoppers Wield?,2023-11-24T19:27:17Z
"This is the best Black Friday purchase I ever made
",2023-11-24T21:56:00Z
"1 Tech Stock That Has Created Many Millionaires, and Will Continue to Make More",2023-11-24T22:00:00Z
2 Consumer Goods Stocks That Could Make You a Lot Richer Than Coca-Cola Will,2023-11-25T10:00:00Z
Airbnb Just Made a $200 Million Move Into the AI Space. Here's What Investors Need to Know.,2023-11-25T10:08:00Z
Warren Buffett-Led Berkshire Hathaway Sells Its Entire Procter & Gamble Stake. Should You?,2023-11-25T10:48:00Z
Buy toys on Sunday and electronics on Monday: How to time your Black Friday weekend shopping to snag the best deals,2023-11-25T16:13:00Z
Americans did a record amount of shopping on Thanksgiving. Here’s what they bought.,2023-11-25T16:26:00Z
"Elon Musk's X Could Lose $75 Million In Ad Revenue Over His Support For Antisemitic Post, Says Report",2023-11-25T16:51:37Z
Better Tech Stock: Alphabet vs. Apple,2023-11-26T16:30:00Z
3 FAANG Stocks Billionaires Are Absolutely Piling Into,2023-11-27T10:21:00Z
5 Stocks You Can Confidently Invest $500 In Right Now,2023-11-27T10:30:00Z
Should Invesco S&P 500 Revenue ETF (RWL) Be on Your Investing Radar?,2023-11-27T11:20:06Z
Should Vanguard Russell 1000 Growth ETF (VONG) Be on Your Investing Radar?,2023-11-27T11:20:06Z
Will US Stocks Lead Global Markets Again in 2024? Big Tech Has the Answer,2023-11-27T13:06:00Z
This group of 2022 losers surged 26% in January. Here are the flops one Wall Street veteran likes for the new year.,2023-11-27T13:06:00Z
3 Stocks to Add to Your Portfolio in a Market Pullback,2023-11-27T14:00:00Z
You Don't Have to Pick a Winner in Digital Advertising. Here's Why,2023-11-27T14:05:00Z
"Facing advertising exodus, Musk meets Israeli leaders",2023-11-27T14:27:00Z
"Company News for Nov 27, 2023",2023-11-27T14:43:00Z
Netflix (NFLX) Acquires Kim Kardashian's Comedy The Fifth Wheel,2023-11-27T15:01:00Z
"Apple Stock: Buy, Sell, or Hold?",2023-11-28T10:00:00Z
Subaru has remade the Forester for 2025: Here's what's different,2023-11-28T10:01:00Z
2 No-Brainer Stocks to Buy During a Stock Market Plunge,2023-11-28T11:15:00Z
Should You Invest in the Fidelity MSCI Information Technology Index ETF (FTEC)?,2023-11-28T11:20:05Z
Should Schwab Fundamental U.S. Large Company Index ETF (FNDX) Be on Your Investing Radar?,2023-11-28T11:20:06Z
Is Apple an Underrated AI Stock to Buy Right Now?,2023-11-28T11:55:00Z
"S&P 500 At 5,000 In 2024? Bank of America's Optimistic Forecast Diversifies Beyond Magnificent 7",2023-11-28T13:14:07Z
Magnificent 7 Or Bust? Chamath Palihapitiya Says Mega-Cap Stocks Approach 'Heady' Valuation — Explains Why So Much Money Sits On Sidelines,2023-11-28T13:50:43Z
Investors Heavily Search Apple Inc. (AAPL): Here is What You Need to Know,2023-11-28T14:00:10Z
"The S&P 500 may sink as low as 3,100 next year, these bearish strategists warn",2023-11-28T14:32:00Z
"Apple Has Big Changes Planned for Next Year, and They Should Make Messaging to Android Devices a Lot Easier",2023-11-28T14:53:00Z
Dell Technologies (DELL) to Post Q3 Earnings: What's in Store?,2023-11-28T15:33:00Z
"Could Microsoft Become the Most Important Stock in the Nasdaq, S&P 500, and Dow?",2023-11-28T16:09:20Z
"CrowdStrike, Palantir Among Stocks Poised To Double Or Triple Over The Next Year, Says Munster",2023-11-28T16:57:38Z
"Dollar Decline: Stock Market Rally Explains 70% Of Recent US Dollar Downtrend, Says BofA",2023-11-28T17:58:03Z
"Charlie Munger, Half of a Legendary Partnership, Dies at 99",2023-11-28T21:59:00Z
Not much ‘low-hanging fruit left.’  Here’s the investing advice Charlie Munger gave in one of his last-ever interviews,2023-11-29T08:44:00Z
Here's everything you need to know about the updated 2024 Jeep Wrangler,2023-11-29T10:02:00Z
Forget Nvidia: These Unstoppable Stocks Are Better Buys,2023-11-29T10:02:00Z
Nasdaq Bear Market: 2 Stocks I'm Buying During a Recession,2023-11-29T10:15:00Z
3 Beaten-Down Stocks Poised for Rebound in 2024,2023-11-29T10:55:00Z
"Half of This Massive ETF Is Invested in the ""Magnificent Seven."" But Is It a Buy Now?",2023-11-29T11:16:00Z
Is ProShares S&P Technology Dividend Aristocrats ETF (TDV) a Strong ETF Right Now?,2023-11-29T11:20:05Z
Should WisdomTree U.S. LargeCap Dividend ETF (DLN) Be on Your Investing Radar?,2023-11-29T11:20:06Z
Apple Has a Trump Card in Artificial Intelligence,2023-11-29T12:30:00Z
Taylor Swift is Spotify Wrapped’s most-streamed artist in the world,2023-11-29T13:56:00Z
3 Unstoppable Growth Stocks to Buy if There's a Stock Market Sell-Off,2023-11-29T14:15:00Z
Wall Street strategists actually called 2023 correctly — apart from these seven stocks,2023-11-29T14:26:00Z
Bill Ackman warns economy will fall off a cliff if the Fed doesn’t hurry and cut rates,2023-11-29T14:56:00Z
Goldman (GS) Gets Exit Proposal From Apple on Consumer Business,2023-11-29T15:19:00Z
Why I Made Big Changes To My Dividend Growth Portfolio,2023-11-29T16:25:26Z
Big-Tech Rally Continues: S&P 500 Could Return 11% In 2024,2023-11-29T18:19:54Z
Fed's Favorite Inflation Gauge Arrives Thursday: 5 ETFs To Watch,2023-11-29T21:57:18Z
RIP Charlie Munger: The Most Important Lesson He Taught Me,2023-11-29T22:45:52Z
Here was Linda Yaccarino’s response after Elon Musk’s obscene suggestion to fleeing advertisers,2023-11-30T08:08:00Z
2 Warren Buffett Stocks That Could Roar Higher in the Next Bull Market,2023-11-30T10:00:00Z
"The Nasdaq-100 Is Up 47% in 2023, but This Artificial Intelligence (AI) Stock Is Doing Even Better",2023-11-30T10:45:00Z
"Here's My Top ""Magnificent Seven"" Stock to Buy Right Now",2023-11-30T11:00:00Z
Popular QQQ ETF on track for biggest monthly gain since July 2022 as tech stocks soar,2023-11-30T11:00:00Z
"PayPal: Buy, Sell, or Hold?",2023-11-30T11:15:00Z
Could Investing in the Nasdaq-100 Help You Retire a Millionaire?,2023-11-30T12:15:00Z
Bull Market Buys: 3 Exciting Growth Stocks to Own for the Long Run,2023-11-30T14:06:00Z
Netflix (NFLX) to Offer Grand Theft Auto Trilogy in December,2023-11-30T14:14:00Z
These advisers say markets are expecting unrealistic outcomes. Here are some alternatives.,2023-11-30T14:33:00Z
Fed's Favorite Inflation Gauge Disappoints Both Stock Market Bulls And Bears,2023-11-30T15:21:42Z
"Beyonce's ""Renaissance Tour"" Sparks Skin-Deep Controversy, Tina Knowles Hits Back At 'Bozos' As Concert Film Debuts In AMC Theatres",2023-11-30T18:47:26Z
Should You Really Invest in Stocks Now -- or Wait Until the New Year?,2023-12-01T10:00:00Z
Mark Zuckerberg's $50 Billion Blunder,2023-12-01T12:30:00Z
1 Glaring Risk for Apple Stock Investors That Just Got More Concerning,2023-12-01T13:30:00Z
Bill Gross says beaten-down mortgage plays may thrive — and offer huge yields,2023-12-01T13:57:00Z
Paramount’s stock gets a lift amid report of potential Apple streaming bundle,2023-12-01T14:47:00Z
Alphabet (GOOGL) Bolsters Nest Hub Series With Fuchsia 14,2023-12-01T16:54:00Z
Elon Musk's X is targeting smaller businesses for advertising revenue,2023-12-01T20:15:00Z
2 Tech Dividend Stocks to Buy and Hold Forever,2023-12-01T22:07:00Z
Why Paramount Global Stock Soared 9% Higher on Friday,2023-12-01T22:17:32Z
Surprise! Warren Buffett Has Bet Over $176 Billion in 3 Artificial Intelligence (AI) Growth Stocks,2023-12-02T10:33:00Z
Wall Street Breakfast: What Moved Markets,2023-12-02T12:12:17Z
Warren Buffett's Best 3 Artificial Intelligence (AI) Stocks,2023-12-02T12:15:00Z
4 Soaring Stocks I'd Buy Without Any Hesitation,2023-12-02T12:49:00Z
The ‘Magnificent Seven’ have dominated the stock market this year. That’s the bad news.,2023-12-02T13:02:00Z
'Magnificent Seven's' bonds may have been sending a signal to stockholders,2023-12-02T13:23:00Z
Here’s why Nvidia is a compelling stock when compared with the rest of the ‘Magnificent Seven’,2023-12-02T13:31:00Z
"What TSMC, Amkor, and Samsung Investors Should Know About Recent Semiconductor Manufacturing Updates",2023-12-02T13:43:00Z
"One year after its launch, ChatGPT has succeeded in igniting a new era in tech",2023-12-02T15:01:00Z
Investors beware: ‘Magnificent Seven’ are starting to resemble ‘Nifty 50’ stocks that got crushed in the 1970s market crash,2023-12-02T15:10:00Z
Apple's bonds have seen equity-like returns in the past month,2023-12-02T15:33:00Z
What Apple Card users need to know about Apple’s potential breakup with Goldman Sachs,2023-12-02T15:43:00Z
The 'Magnificent Seven' is like the 'Nifty 50'? If only they could be so lucky.,2023-12-02T15:51:00Z
Analyst Richard Bove thinks the return of 'the Goldman Sachs of old' is the right move,2023-12-02T16:59:00Z
How To Build A High-Potential Dividend Portfolio Combining Dividend Income With Dividend Growth,2023-12-02T19:00:00Z
Abbott Laboratories: A 'Must-Have' In A Defensive Dividend Growth Portfolio,2023-12-03T09:00:32Z
Is Warren Buffett's Berkshire Hathaway Stock a Buy Before the End of 2023?,2023-12-03T10:38:00Z
"Got $5,000? These Are 2 of the Best Growth Stocks to Buy Right Now",2023-12-03T10:53:00Z
"Got $1,000? 4 Buffett Stocks to Buy and Hold Forever",2023-12-03T11:30:00Z
A Bull Market Could Be Here: 3 Reasons to Buy Apple Stock,2023-12-03T12:05:00Z
"Apple Stock: Buy, Sell, or Hold?",2023-12-03T12:45:00Z
"Got $2,500? 2 Top Stocks That You Can Buy and Hold for a Lifetime",2023-12-03T12:50:00Z
"These 2 Artificial Intelligence (AI) Stocks Could Zoom Past $4 Trillion in 2024, According to Wall Street",2023-12-03T13:15:00Z
"After Soaring in 2023, Is Apple a Smart Stock to Buy in 2024?",2023-12-03T14:30:00Z
These 3 Stocks Might Be Getting a Little Too Expensive,2023-12-03T15:10:00Z
Apple Is Far Less Important to Berkshire Hathaway Than You Think,2023-12-03T15:32:00Z
3 Top Gaming Stocks to Buy in December,2023-12-03T17:07:00Z
Warren Buffett's Biggest Bets: 57.1% of Berkshire Hathaway's $358 Billion Portfolio Is Invested in These 2 Stocks,2023-12-03T21:28:00Z
"Wise: Higher Interest Rates Proving A Huge Tailwind, But Might Not Last",2023-12-04T05:43:46Z
"British American Tobacco Vs. Philip Morris - One A Buy, One A Sell",2023-12-04T06:28:10Z
3 Dirt Cheap Stocks You'll Regret Not Buying Before the New Year,2023-12-04T11:00:00Z
Is Invesco FTSE RAFI US 1000 ETF (PRF) a Strong ETF Right Now?,2023-12-04T11:20:06Z
1 Warren Buffett Stock to Buy and Hold Forever,2023-12-04T12:30:00Z
"Buying Apple Stock Is a Smart Move, Only if This 1 Thing Happens",2023-12-04T12:45:00Z
"Apple, Meta Platforms And 2 Other Stocks Insiders Are Selling",2023-12-04T12:59:59Z
3 Stocks You Can Confidently Buy After a Market Downturn,2023-12-04T13:15:00Z
2 Reasons to Buy Apple Stock Like There's No Tomorrow,2023-12-04T14:45:00Z
Alphabet (GOOGL) Expands Google TV Services With Latest Move,2023-12-04T14:49:00Z
"Keys To Making Money In Bitcoin, Whales Push Past Key Milestone, Stunning Victory In India Presents Opportunity",2023-12-04T14:59:35Z
Dow's New All-Time-High: DIA Outperforms SPY In November — This Component Stock Is Up Over 90% YTD,2023-12-04T15:25:50Z
Hedge funds and mutual funds have been chasing the same tech stocks,2023-12-04T15:27:00Z
"Stock market will struggle to rise by more than 2% by mid-2024, says Stifel’s Bannister",2023-12-04T17:38:00Z
Can Apple's iPhone 15 Spark a Tech Rally? Analyst Eyes China Growth,2023-12-04T19:45:42Z
Top ETF Stories of 2023,2023-12-04T21:19:00Z
"What's worth streaming in December 2023: Not much new, yet still a lot to watch",2023-12-05T02:33:00Z
Better Growth Stock: CRISPR Therapeutics vs. Invitae,2023-12-05T10:00:00Z
"The 2024 Nissan Kicks is nimble, fuel efficient and easy on the wallet",2023-12-05T10:02:00Z
1 Artificial Intelligence (AI) Stock That Has Created Millionaires and Could Make More,2023-12-05T10:05:00Z
1 Unstoppable Vanguard ETF I'm Stocking Up On in 2024,2023-12-05T11:00:00Z
Will Microsoft Overtake Apple as the World's Largest Company in 2024?,2023-12-05T12:30:00Z
54.7% of Warren Buffett's $363 Billion Berkshire Hathaway Portfolio Is in These 2 Dividend Stocks,2023-12-05T15:20:00Z
1 Small Fintech Stock That Could Soar in 2024,2023-12-05T15:41:00Z
"Magnificent Seven See Profit Taking, Moody's Downgrades China Credit Outlook",2023-12-05T16:19:27Z
"Apple Stock's Surge Toward Blue-Skies Sparks Excitement for Santa Rally, Music (MUSQ) ETF Rides the Streaming Boom",2023-12-05T17:27:29Z
High-Quality ETFs for Long-Term Investors,2023-12-05T19:11:00Z
Goldman Sachs sees 'a more clear runway' for 2024 deal making,2023-12-05T20:00:00Z
"Apple is a $3 trillion company again, for the first time since August",2023-12-05T22:11:00Z
Why Apple Stock Gained 11% in November,2023-12-06T02:27:57Z
What Charlie Munger and Grandma Ruth taught this money manager. His portfolio is up 50% this year.,2023-12-06T06:46:00Z
The Infiniti QX60: a sensible choice in midsize luxury SUVs,2023-12-06T10:01:00Z
1 FAANG Stock to Buy Hand Over Fist in December and 1 to Avoid Like the Plague,2023-12-06T10:06:00Z
48% of Warren Buffett's $363 Billion Portfolio Is Invested in Just 1 Stock,2023-12-06T10:45:00Z
3 Artificial Intelligence (AI) Stocks With More Potential Than Any Cryptocurrency,2023-12-06T11:02:00Z
Is iShares Core S&P U.S. Growth ETF (IUSG) a Strong ETF Right Now?,2023-12-06T11:20:06Z
Is Goldman Sachs ActiveBeta World Low Vol Plus Equity ETF (GLOV) a Strong ETF Right Now?,2023-12-06T11:20:07Z
Billionaire Jeffrey Gundlach Says Sell The Magnificent Seven: Buy XLU Instead,2023-12-06T12:05:00Z
Magnificent Seven ETFs: A Review of 2023 & What Lies Ahead,2023-12-06T13:00:00Z
Better Growth Vehicle: Invesco QQQ Trust or Vanguard Information Technology Index Fund?,2023-12-06T13:00:00Z
"Stock Market News for Dec 6, 2023",2023-12-06T14:37:00Z
"Crypto, equity options and more rookie mistakes by millennial, Gen Z investors",2023-12-06T14:38:00Z
Apple Regains $3T in Market Cap: ETFs in Focus,2023-12-06T15:00:00Z
3 Stocks to Watch From the Prospering Computer Industry,2023-12-06T16:04:00Z
"Investors Anticipate Six Rate Cuts In Europe, ADP Data Supports Goldilocks, Unit Labor Costs Fall",2023-12-06T16:08:22Z
ROKU Collaborates With Tennis Channel to Launch T2 in the US,2023-12-06T16:22:00Z
"Disney’s ESPN wants to keep the NBA, but could the price be too high?",2023-12-06T18:07:00Z
Broadcom Stock Up 64% YTD: Here's What Analysts Expect From Q4 Report,2023-12-06T20:16:16Z
"The Magnificent 7 Aren't So Magnificent Right Now, Buy",2023-12-07T07:28:36Z
"Zacks Industry Outlook Highlights Apple, HP and 3D Systems",2023-12-07T09:14:00Z
Why Apple's Tie-Up With TDK For Battery Production In India Is A Major Win For Cupertino,2023-12-07T09:59:19Z
Warren Buffett Is on Track to Make $13.6 Billion in 2023. Here's Exactly How He'll Likely Do It.,2023-12-07T10:50:00Z
42% of Berkshire Hathaway's Entire Value Comes From Just 2 Investment Holdings,2023-12-07T11:39:00Z
Best Stock to Buy: Apple vs. Amazon,2023-12-07T12:05:00Z
"There's a new dynamic heading into payrolls report, Goldman trading expert says",2023-12-07T13:34:00Z
"Apple at a $3 Trillion Market Cap: Buy, Sell, or Hold?",2023-12-07T13:42:00Z
2 No-Brainer Stocks I'd Buy Right Now Without Hesitation,2023-12-07T14:14:00Z
3D Systems (DDD) Up 27.9% Since Last Earnings Report: Can It Continue?,2023-12-07T16:31:01Z
Apple reportedly plans major expansion of iPhone production in India,2023-12-08T04:23:00Z
The 2024 Subaru Impreza vs. the Honda Civic: How these compact cars compare,2023-12-08T10:02:00Z
79% of Warren Buffett's $363 Billion Portfolio Is Invested in Just 6 Stocks,2023-12-08T10:05:00Z
2 Unbelievable Tech Growth Stocks to Buy and Hold for the Long Haul,2023-12-08T10:45:00Z
"With The GRAMMYs Just Two Months Out, The Music Industry Is Still Going Strong - What Will It Look Like In 2030?",2023-12-08T10:59:10Z
Tata Group Plans Massive iPhone Assembly Hub To Boost Apple's Expansion In India,2023-12-08T11:05:22Z
"Yes, the stock-market rally can survive without 'the Magnificent Seven'",2023-12-08T12:00:00Z
"American Micro Devices Stock Spikes Thanks to Artificial Intelligence (AI), Yet There's More to the Story",2023-12-08T13:00:00Z
Investors might panic as inflation falls further -- here's the stock-market call of JPMorgan's resolute bear,2023-12-08T13:38:00Z
Broadcom Delivers Solid Results Despite Slowing Growth,2023-12-08T14:36:00Z
Best Stock to Buy: Apple vs. Shopify,2023-12-08T15:07:00Z
Investors are taking more risk as we near the end of 2023,2023-12-08T16:36:00Z
"Apple Gets Bullish Outlook From Analyst: 'Near-Term Risks' Lowered, Bull Case Re-Ignited",2023-12-08T17:06:14Z
"Apple iPhone, Watch product design head to leave: report",2023-12-08T20:30:00Z
"Just 3 of the ""Magnificent Seven"" Have Outperformed the S&P 500 Since 2022. Here's the One I'd Buy for 2024 and 2025.",2023-12-08T21:00:00Z
3 Warren Buffett Stocks You Can Buy in December and Hold Forever,2023-12-08T21:56:00Z
"Stock Market Inches Higher, AI Race Heats Up, Jamie Dimon Slams Bitcoin: The Week In The Markets",2023-12-08T22:09:36Z
Apple (AAPL) Rises Higher Than Market: Key Facts,2023-12-08T22:45:13Z
5 No-Brainer Stocks to Buy Before 2024,2023-12-09T10:00:00Z
Growth stocks stole spotlight from value stocks in 2023. Can that change in '24?,2023-12-09T11:07:00Z
"These are the dividend stocks that will hold up in a weakening economy in 2024, says this highly rated money manager",2023-12-09T11:12:00Z
Nvidia and Microsoft CEOs say  industrial companies will benefit most from AI. Here are stocks to put on your watch list.,2023-12-09T11:20:00Z
This Is the Most Important AI Company You've Never Heard Of,2023-12-09T11:45:00Z
1 Magnificent Stock to Buy That Is Near Its 52-Week Low,2023-12-09T12:10:00Z
3 Great Foreign Companies to Invest in Right Now,2023-12-09T12:30:00Z
"How To Invest $100,000 Today In A Sleep Well Portfolio",2023-12-09T14:00:00Z
3 reasons why it’s safe to own the 'Magnificent Seven' stocks,2023-12-09T18:22:00Z
A Bull Market Is Coming: 3 Top Stocks to Buy Before the End of the Year,2023-12-10T10:00:00Z
U.S. Money Supply Is Shrinking the Most Since the Great Depression. Does It Spell Doom for the Stock Market in 2024?,2023-12-10T10:52:00Z
My Top Stock to Buy Before the End Of 2023 That Could Create Generational Wealth,2023-12-10T11:25:00Z
49.5% of Warren Buffett's $361 Billion Portfolio Is Invested in 3 Artificial Intelligence (AI) Stocks. And That Number's Getting Bigger.,2023-12-10T12:05:00Z
Is Apple Stock a Buy for 2024?,2023-12-10T12:35:00Z
"1 Artificial Intelligence (AI) Stock Set to Join Apple, Amazon, Microsoft, Alphabet, and Nvidia in the $1 Trillion Club",2023-12-10T15:35:00Z
Alibaba: At $72 Per Share Makes No Sense,2023-12-11T05:00:00Z
Wall Street Says the S&P 500 Is Headed Higher in 2024: 2 No-Brainer Growth Stocks to Buy Now With $200 and Hold Long Term,2023-12-11T10:12:00Z
1 Warren Buffett ETF I'm Stocking Up On Before the End of 2023,2023-12-11T11:15:00Z
Should iShares S&P 100 ETF (OEF) Be on Your Investing Radar?,2023-12-11T11:20:06Z
Should SPDR Portfolio S&P 500 ETF (SPLG) Be on Your Investing Radar?,2023-12-11T11:20:06Z
Should Vanguard Mega Cap Growth ETF (MGK) Be on Your Investing Radar?,2023-12-11T11:20:07Z
Is John Hancock Multifactor Large Cap ETF (JHML) a Strong ETF Right Now?,2023-12-11T11:20:07Z
"Apple Analyst Raises Price Target To $250, Foresees $4 Trillion Valuation By End Of 2024: 'Stage Set For Renaissance Of Growth'",2023-12-11T11:21:01Z
Shari Redstone reportedly in talks to sell Paramount parent to Skydance,2023-12-11T11:24:00Z
Could Apple Stock Plummet in 2024?,2023-12-11T12:15:00Z
"Soft-landing view has Ed Yardeni targeting 6,000 on the S&P 500 in two years",2023-12-11T14:20:00Z
Alphabet (GOOGL) Adds Generative AI Features to NotebookLM,2023-12-11T14:39:00Z
Fed's Problem: How To Slow Down The Runaway Stock Market Train Driven By Market Mechanics,2023-12-11T17:21:27Z
"US Stocks Show Timid Gains, While Tech Titans, Bitcoin Slip Ahead Of This Week's Crucial Events: What's Driving Markets Monday?",2023-12-11T18:37:35Z
Market Strategists Expect These 2 Magnificent 7 AI 'Sleepers' To Outperform Apple Stock In 2024,2023-12-11T20:35:09Z
"John Chambers expects an AI bubble with many failures, 'but it is worth the bet'",2023-12-11T20:48:00Z
ETF Investing Strategies for 2024,2023-12-11T21:08:00Z
Apple Stock Keeps Being Too Heavy To Sustain,2023-12-12T05:02:09Z
1 Fintech Stock to Buy at a Bargain in December,2023-12-12T10:15:00Z
"1 Unstoppable Stock Set to Join Apple, Microsoft, Amazon, Alphabet, and Nvidia in the $1 Trillion Club in 2024",2023-12-12T11:18:00Z
Should You Invest in the iShares Expanded Tech Sector ETF (IGM)?,2023-12-12T11:20:06Z
